train_number,train_name,station_code,station_name,average_delay_minutes,pct_right_time,pct_slight_delay,pct_significant_delay,pct_cancelled_unknown,delay_category,reliability_score
12673,Cheran Express,MAS,CHENNAI CENTRAL,2.0,98.9,0.27,0.0,0.83,On Time (0-15 min),99.284
12673,Cheran Express,AVD,AVADI,0.0,0.27,0.0,0.0,99.73,,30.189
12673,Cheran Express,AJJ,ARAKKONAM,16.0,55.34,44.38,0.27,0.01,Slight Delay (15-60 min),77.587
12673,Cheran Express,KPD,KATPADI JN,17.0,48.49,49.86,1.64,0.01,Slight Delay (15-60 min),73.751
12673,Cheran Express,SA,SALEM JN,25.0,23.01,74.79,2.19,0.01,Slight Delay (15-60 min),60.846000000000004
12673,Cheran Express,ED,ERODE JN,25.0,21.37,76.44,2.19,0.0,Slight Delay (15-60 min),60.028
12673,Cheran Express,TUP,TIRUPPUR,24.0,22.74,75.34,1.92,0.0,Slight Delay (15-60 min),60.794
12673,Cheran Express,CBF,COIMBATORE NRTH,13.0,70.68,28.49,0.82,0.01,On Time (0-15 min),85.09200000000001
12674,Cheran Express,CBE,COIMBATORE JN,5.0,97.26,2.47,0.27,0.0,On Time (0-15 min),98.549
12674,Cheran Express,ED,ERODE JN,21.0,35.34,64.11,0.55,0.0,Slight Delay (15-60 min),67.505
12674,Cheran Express,SA,SALEM JN,24.0,27.67,71.51,0.82,0.0,Slight Delay (15-60 min),63.589
12674,Cheran Express,JTJ,JOLARPETTAI,7.0,93.15,6.3,0.55,0.0,On Time (0-15 min),96.41
12674,Cheran Express,KPD,KATPADI JN,14.0,74.79,24.38,0.82,0.01,On Time (0-15 min),87.147
12674,Cheran Express,AJJ,ARAKKONAM,28.0,17.26,80.55,2.19,0.0,Slight Delay (15-60 min),57.973
12674,Cheran Express,PER,PERAMBUR,32.0,9.86,86.58,3.01,0.55,Slight Delay (15-60 min),53.917
12681,Kovai Express,MAS,CHENNAI CENTRAL,4.0,100.0,0.0,0.0,0.0,On Time (0-15 min),100.0
12681,Kovai Express,AJJ,ARAKKONAM,15.0,60.0,40.0,0.0,0.0,On Time (0-15 min),80.0
12681,Kovai Express,KPD,KATPADI JN,11.0,80.0,20.0,0.0,0.0,On Time (0-15 min),90.0
12681,Kovai Express,TUP,TIRUPPUR,8.0,80.0,20.0,0.0,0.0,On Time (0-15 min),90.0
12681,Kovai Express,CBF,COIMBATORE NRTH,7.0,80.0,20.0,0.0,0.0,On Time (0-15 min),90.0
12681,Kovai Express,CBE,COIMBATORE JN,0.0,100.0,0.0,0.0,0.0,,100.0
12682,Kovai Express,CBE,COIMBATORE JN,3.0,100.0,0.0,0.0,0.0,On Time (0-15 min),100.0
12682,Kovai Express,TUP,TIRUPPUR,16.0,40.0,60.0,0.0,0.0,Slight Delay (15-60 min),70.0
12682,Kovai Express,ED,ERODE JN,43.0,0.0,100.0,0.0,0.0,Slight Delay (15-60 min),50.0
12682,Kovai Express,SA,SALEM JN,41.0,0.0,100.0,0.0,0.0,Slight Delay (15-60 min),50.0
12682,Kovai Express,KPD,KATPADI JN,1.0,100.0,0.0,0.0,0.0,On Time (0-15 min),100.0
12682,Kovai Express,PER,PERAMBUR,11.0,80.0,20.0,0.0,0.0,On Time (0-15 min),90.0
12682,Kovai Express,MAS,CHENNAI CENTRAL,9.0,100.0,0.0,0.0,0.0,On Time (0-15 min),100.0
12637,Pandian Exp,MS,CHENNAI EGMORE,2.0,99.45,0.55,0.0,0.0,On Time (0-15 min),99.725
12637,Pandian Exp,TBM,TAMBARAM,4.0,99.18,0.82,0.0,0.0,On Time (0-15 min),99.59
12637,Pandian Exp,VM,VILLUPURAM JN,6.0,95.07,4.66,0.27,0.0,On Time (0-15 min),97.454
12637,Pandian Exp,VRI,VRIDHACHALAM JN,7.0,96.44,3.29,0.27,0.0,On Time (0-15 min),98.139
12637,Pandian Exp,TPJ,TIRUCHCHIRAPALI,8.0,84.93,14.79,0.27,0.01,On Time (0-15 min),92.382
12637,Pandian Exp,MPA,MANAPARAI,14.0,63.29,36.44,0.27,0.0,On Time (0-15 min),81.564
12637,Pandian Exp,DG,DINDIGUL JN,17.0,55.62,43.56,0.82,0.0,Slight Delay (15-60 min),77.564
12637,Pandian Exp,ABI,AMBATURAI,19.0,44.66,54.52,0.82,0.0,Slight Delay (15-60 min),72.084
12637,Pandian Exp,KQN,KODAIKANAL ROAD,21.0,33.7,65.21,1.1,0.0,Slight Delay (15-60 min),66.52000000000001
12638,Pandian Exp,MDU,MADURAI JN,1.0,100.0,0.0,0.0,0.0,On Time (0-15 min),100.0
12638,Pandian Exp,KQN,KODAIKANAL ROAD,6.0,95.89,4.11,0.0,0.0,On Time (0-15 min),97.945
12638,Pandian Exp,ABI,AMBATURAI,10.0,91.78,8.22,0.0,0.0,On Time (0-15 min),95.89
12638,Pandian Exp,DG,DINDIGUL JN,7.0,96.44,3.56,0.0,0.0,On Time (0-15 min),98.22
12638,Pandian Exp,MPA,MANAPARAI,8.0,93.7,6.3,0.0,0.0,On Time (0-15 min),96.85
12638,Pandian Exp,TPJ,TIRUCHCHIRAPALI,6.0,95.89,4.11,0.0,0.0,On Time (0-15 min),97.945
12638,Pandian Exp,VRI,VRIDHACHALAM JN,21.0,36.99,62.47,0.55,0.0,Slight Delay (15-60 min),68.33
12638,Pandian Exp,VM,VILLUPURAM JN,12.0,84.38,14.79,0.82,0.01,On Time (0-15 min),91.94200000000001
12638,Pandian Exp,MLMR,MELMARUVATTUR,16.0,10.41,5.75,0.55,83.29,Slight Delay (15-60 min),38.382
12638,Pandian Exp,CGL,CHENGALPATTU,18.0,49.04,48.77,1.92,0.27,Slight Delay (15-60 min),73.89
12638,Pandian Exp,TBM,TAMBARAM,23.0,32.33,64.93,2.47,0.27,Slight Delay (15-60 min),65.37
12638,Pandian Exp,MBM,MAMBALAM,7.0,93.15,5.75,0.82,0.28,On Time (0-15 min),96.27300000000001
12631,Nellai Express,MS,CHENNAI EGMORE,3.0,99.45,0.27,0.27,0.01,On Time (0-15 min),99.64200000000001
12631,Nellai Express,TBM,TAMBARAM,6.0,97.26,2.19,0.55,0.0,On Time (0-15 min),98.465
12631,Nellai Express,CGL,CHENGALPATTU,7.0,96.16,3.29,0.55,0.0,On Time (0-15 min),97.91499999999999
12631,Nellai Express,MLMR,MELMARUVATTUR,11.0,82.47,16.99,0.55,0.0,On Time (0-15 min),91.07
12631,Nellai Express,TMV,TINDIVANAM,17.0,59.45,40.0,0.55,0.0,Slight Delay (15-60 min),79.56
12631,Nellai Express,VM,VILLUPURAM JN,10.0,82.74,16.71,0.55,0.0,On Time (0-15 min),91.205
12631,Nellai Express,VRI,VRIDHACHALAM JN,12.0,75.62,23.56,0.82,0.0,On Time (0-15 min),87.56400000000001
12631,Nellai Express,TPJ,TIRUCHCHIRAPALI,11.0,78.36,20.55,1.1,0.0,On Time (0-15 min),88.85
12631,Nellai Express,DG,DINDIGUL JN,13.0,72.05,26.58,1.37,0.0,On Time (0-15 min),85.614
12631,Nellai Express,SDN,SHOLAVANDAN,16.0,58.36,40.27,1.37,0.0,Slight Delay (15-60 min),78.769
12631,Nellai Express,MDU,MADURAI JN,13.0,68.22,30.68,1.1,0.0,On Time (0-15 min),83.78
12631,Nellai Express,VPT,VIRUDUNAGAR JN,16.0,61.64,37.53,0.82,0.01,Slight Delay (15-60 min),80.572
12631,Nellai Express,SRT,SATUR,15.0,60.55,38.36,1.1,0.0,On Time (0-15 min),79.945
12631,Nellai Express,CVP,KOVILPATTI,17.0,56.44,42.47,1.1,0.0,Slight Delay (15-60 min),77.89
12632,Nellai Express,TEN,TIRUNELVELI JN,3.0,99.18,0.82,0.0,0.0,On Time (0-15 min),99.59
12632,Nellai Express,CVP,KOVILPATTI,8.0,96.16,3.84,0.0,0.0,On Time (0-15 min),98.08
12632,Nellai Express,SRT,SATUR,9.0,90.96,9.04,0.0,0.0,On Time (0-15 min),95.47999999999999
12632,Nellai Express,VPT,VIRUDUNAGAR JN,7.0,96.16,3.84,0.0,0.0,On Time (0-15 min),98.08
12632,Nellai Express,MDU,MADURAI JN,11.0,78.9,21.1,0.0,0.0,On Time (0-15 min),89.45
12632,Nellai Express,SDN,SHOLAVANDAN,13.0,71.23,28.77,0.0,0.0,On Time (0-15 min),85.61500000000001
12632,Nellai Express,DG,DINDIGUL JN,9.0,85.21,14.79,0.0,0.0,On Time (0-15 min),92.60499999999999
12632,Nellai Express,TPJ,TIRUCHCHIRAPALI,7.0,91.78,8.22,0.0,0.0,On Time (0-15 min),95.89
12632,Nellai Express,VRI,VRIDHACHALAM JN,22.0,36.16,62.74,1.1,0.0,Slight Delay (15-60 min),67.75
12632,Nellai Express,VM,VILLUPURAM JN,16.0,54.79,43.56,1.64,0.01,Slight Delay (15-60 min),76.901
12632,Nellai Express,TMV,TINDIVANAM,19.0,39.18,58.9,1.64,0.28,Slight Delay (15-60 min),69.042
12632,Nellai Express,MLMR,MELMARUVATTUR,20.0,37.53,60.55,1.64,0.28,Slight Delay (15-60 min),68.217
12632,Nellai Express,CGL,CHENGALPATTU,19.0,44.38,53.42,1.92,0.28,Slight Delay (15-60 min),71.558
12632,Nellai Express,TBM,TAMBARAM,24.0,27.12,69.59,2.74,0.55,Slight Delay (15-60 min),62.628
12632,Nellai Express,MBM,MAMBALAM,9.0,89.32,9.04,1.1,0.54,On Time (0-15 min),94.222
20665,Vande Bharat,MS,CHENNAI EGMORE,1.0,100.0,0.0,0.0,0.0,On Time (0-15 min),100.0
20665,Vande Bharat,TBM,TAMBARAM,3.0,100.0,0.0,0.0,0.0,On Time (0-15 min),100.0
20665,Vande Bharat,VM,VILLUPURAM JN,7.0,92.31,7.69,0.0,0.0,On Time (0-15 min),96.155
20665,Vande Bharat,TPJ,TIRUCHCHIRAPALI,7.0,92.31,7.69,0.0,0.0,On Time (0-15 min),96.155
20665,Vande Bharat,DG,DINDIGUL JN,11.0,88.46,7.69,3.85,0.0,On Time (0-15 min),93.07499999999999
20665,Vande Bharat,MDU,MADURAI JN,15.0,80.77,15.38,3.85,0.0,On Time (0-15 min),89.22999999999999
20665,Vande Bharat,VPT,VIRUDUNAGAR JN,17.0,61.54,34.62,3.85,0.0,Slight Delay (15-60 min),79.615
20666,Vande Bharat,TEN,TIRUNELVELI JN,0.0,100.0,0.0,0.0,0.0,,100.0
20666,Vande Bharat,MDU,MADURAI JN,2.0,100.0,0.0,0.0,0.0,On Time (0-15 min),100.0
20666,Vande Bharat,DG,DINDIGUL JN,9.0,96.15,3.85,0.0,0.0,On Time (0-15 min),98.075
20666,Vande Bharat,TPJ,TIRUCHCHIRAPALI,3.0,100.0,0.0,0.0,0.0,On Time (0-15 min),100.0
20666,Vande Bharat,VM,VILLUPURAM JN,10.0,92.31,7.69,0.0,0.0,On Time (0-15 min),96.155
20666,Vande Bharat,TBM,TAMBARAM,20.0,19.23,80.77,0.0,0.0,Slight Delay (15-60 min),59.615
20666,Vande Bharat,MS,CHENNAI EGMORE,4.0,92.31,7.69,0.0,0.0,On Time (0-15 min),96.155
12621,Tamil Nadu Exp,BZA,VIJAYAWADA JN,17.0,59.18,37.26,3.01,0.55,Slight Delay (15-60 min),78.577
12621,Tamil Nadu Exp,KMT,KHAMMAM,17.0,62.47,33.42,3.29,0.82,Slight Delay (15-60 min),80.084
12621,Tamil Nadu Exp,WL,WARANGAL,28.0,32.6,61.64,4.93,0.83,Slight Delay (15-60 min),64.655
12621,Tamil Nadu Exp,BPQ,BALHARSHAH,22.0,53.97,38.9,6.3,0.83,Slight Delay (15-60 min),74.929
12621,Tamil Nadu Exp,NGP,NAGPUR,37.0,26.58,63.29,9.59,0.54,Slight Delay (15-60 min),60.30499999999999
12621,Tamil Nadu Exp,ET,ITARSI JN,29.0,67.95,20.27,11.78,0.0,Slight Delay (15-60 min),80.441
12621,Tamil Nadu Exp,VGLJ,V LAKSHMIBAI JHANSI,34.0,51.78,36.99,11.23,0.0,Slight Delay (15-60 min),72.521
12621,Tamil Nadu Exp,GWL,GWALIOR,51.0,15.07,66.3,18.63,0.0,Slight Delay (15-60 min),51.946
12621,Tamil Nadu Exp,AGC,AGRA CANTT,49.0,43.01,37.26,19.73,0.0,Slight Delay (15-60 min),65.586
12621,Tamil Nadu Exp,NZM,H NIZAMUDDIN,53.0,47.95,33.42,18.63,0.0,Slight Delay (15-60 min),68.386
12621,Tamil Nadu Exp,NDLS,NEW DELHI,54.0,44.93,35.89,19.18,0.0,Slight Delay (15-60 min),66.711
12622,Tamil Nadu Exp,NDLS,NEW DELHI,16.0,93.97,1.37,4.66,0.0,Slight Delay (15-60 min),95.587
12622,Tamil Nadu Exp,AGC,AGRA CANTT,37.0,25.21,67.4,7.4,0.0,Slight Delay (15-60 min),60.385
12622,Tamil Nadu Exp,GWL,GWALIOR,31.0,61.64,29.04,9.32,0.0,Slight Delay (15-60 min),78.024
12622,Tamil Nadu Exp,VGLJ,V LAKSHMIBAI JHANSI,37.0,53.42,36.71,9.86,0.01,Slight Delay (15-60 min),73.75
12622,Tamil Nadu Exp,BPL,BHOPAL JN,39.0,59.18,27.4,13.42,0.0,Slight Delay (15-60 min),75.564
12622,Tamil Nadu Exp,ET,ITARSI JN,35.0,78.36,7.95,13.7,0.0,Slight Delay (15-60 min),85.07
12622,Tamil Nadu Exp,NGP,NAGPUR,45.0,58.36,28.22,13.42,0.0,Slight Delay (15-60 min),75.154
12622,Tamil Nadu Exp,BPQ,BALHARSHAH,46.0,61.92,22.19,15.62,0.27,Slight Delay (15-60 min),76.22
12622,Tamil Nadu Exp,WL,WARANGAL,64.0,23.56,55.07,21.1,0.27,Significant Delay (60-200 min),55.396
12622,Tamil Nadu Exp,KMT,KHAMMAM,82.0,5.75,59.73,34.25,0.27,Significant Delay (60-200 min),42.546
12622,Tamil Nadu Exp,BZA,VIJAYAWADA JN,67.0,25.75,53.15,21.1,0.0,Significant Delay (60-200 min),56.545
12622,Tamil Nadu Exp,MAS,CHENNAI CENTRAL,36.0,79.45,7.4,13.15,0.0,Slight Delay (15-60 min),85.78
12839,Howrah Mail,HWH,HOWRAH JN,45.0,36.67,46.67,16.67,0.0,Slight Delay (15-60 min),63.334
12839,Howrah Mail,KGP,KHARAGPUR JN,68.0,10.0,50.0,40.0,0.0,Significant Delay (60-200 min),43.0
12839,Howrah Mail,BLS,BALASORE,87.0,0.0,46.67,53.33,0.0,Significant Delay (60-200 min),34.001
12839,Howrah Mail,BHC,BHADRAKH,81.0,16.67,40.0,43.33,0.0,Significant Delay (60-200 min),45.336
12839,Howrah Mail,JJKR,JAJPUR K ROAD,90.0,6.67,36.67,56.67,0.0,Significant Delay (60-200 min),36.334
12839,Howrah Mail,CTC,CUTTACK,104.0,0.0,26.67,73.33,0.0,Significant Delay (60-200 min),28.000999999999998
12839,Howrah Mail,BBS,BHUBANESWAR,111.0,0.0,26.67,73.33,0.0,Significant Delay (60-200 min),28.000999999999998
12839,Howrah Mail,KUR,KHURDA ROAD JN,104.0,3.33,23.33,73.33,0.01,Significant Delay (60-200 min),29.664
12839,Howrah Mail,BALU,BALUGAN,115.0,0.0,16.67,83.33,0.0,Significant Delay (60-200 min),25.001
12839,Howrah Mail,CAP,CHATRAPUR,119.0,0.0,20.0,80.0,0.0,Significant Delay (60-200 min),26.0
12839,Howrah Mail,BAM,BRAHMAPUR,139.0,0.0,10.0,90.0,0.0,Significant Delay (60-200 min),23.0
12839,Howrah Mail,IPM,ICHCHPURAM,135.0,0.0,13.33,86.67,0.0,Significant Delay (60-200 min),23.999
12839,Howrah Mail,SPT,SOMPETA,135.0,0.0,13.33,86.67,0.0,Significant Delay (60-200 min),23.999
12839,Howrah Mail,PSA,PALASA,104.0,6.67,33.33,60.0,0.0,Significant Delay (60-200 min),35.335
12839,Howrah Mail,NWP,NAUPADA JN,99.0,6.67,33.33,60.0,0.0,Significant Delay (60-200 min),35.335
12839,Howrah Mail,CHE,SRIKAKULAM ROAD,98.0,10.0,33.33,56.67,0.0,Significant Delay (60-200 min),37.998999999999995
12839,Howrah Mail,CPP,CHIPURUPALLE,106.0,6.67,26.67,66.67,0.0,Significant Delay (60-200 min),33.334
12839,Howrah Mail,VZM,VIZIANAGRAM JN,98.0,16.67,30.0,53.33,0.0,Significant Delay (60-200 min),42.336
12839,Howrah Mail,VSKP,VISAKHAPATNAM,103.0,13.33,30.0,56.67,0.0,Significant Delay (60-200 min),39.664
12839,Howrah Mail,AKP,ANAKAPALLE,106.0,10.0,30.0,60.0,0.0,Significant Delay (60-200 min),37.0
12839,Howrah Mail,TUNI,TUNI,112.0,3.33,33.33,63.33,0.01,Significant Delay (60-200 min),32.664
12839,Howrah Mail,ANV,ANNAVARAM,114.0,0.0,33.33,66.67,0.0,Significant Delay (60-200 min),29.999
12839,Howrah Mail,SLO,SAMALKOT JN,132.0,0.0,13.33,86.67,0.0,Significant Delay (60-200 min),23.999
12839,Howrah Mail,RJY,RAJAMUNDRY,140.0,0.0,13.33,86.67,0.0,Significant Delay (60-200 min),23.999
12839,Howrah Mail,NDD,NIDADAVOLU JN,145.0,0.0,13.33,86.67,0.0,Significant Delay (60-200 min),23.999
12839,Howrah Mail,TDD,TADEPALLIGUDEM,144.0,0.0,13.33,86.67,0.0,Significant Delay (60-200 min),23.999
12839,Howrah Mail,EE,ELURU,147.0,3.33,10.0,86.67,0.0,Significant Delay (60-200 min),25.664
12839,Howrah Mail,BZA,VIJAYAWADA JN,106.0,3.33,43.33,53.33,0.01,Significant Delay (60-200 min),35.664
12839,Howrah Mail,TEL,TENALI JN,127.0,0.0,26.67,73.33,0.0,Significant Delay (60-200 min),28.000999999999998
12839,Howrah Mail,BPP,BAPATLA,133.0,0.0,20.0,80.0,0.0,Significant Delay (60-200 min),26.0
12839,Howrah Mail,CLX,CHIRALA,133.0,0.0,20.0,80.0,0.0,Significant Delay (60-200 min),26.0
12839,Howrah Mail,NLR,NELLORE,113.0,13.33,23.33,63.33,0.01,Significant Delay (60-200 min),37.664
12839,Howrah Mail,GDR,GUDUR JN,90.0,30.0,26.67,43.33,0.0,Significant Delay (60-200 min),52.001000000000005
12839,Howrah Mail,MAS,CHENNAI CENTRAL,73.0,40.0,13.33,46.67,0.0,Significant Delay (60-200 min),55.998999999999995
12840,Howrah Mail,MAS,CHENNAI CENTRAL,56.0,61.92,11.51,26.3,0.27,Slight Delay (15-60 min),73.016
12840,Howrah Mail,GDR,GUDUR JN,73.0,33.97,33.97,31.78,0.28,Significant Delay (60-200 min),57.394999999999996
12840,Howrah Mail,NLR,NELLORE,81.0,14.79,52.05,32.88,0.28,Significant Delay (60-200 min),47.475
12840,Howrah Mail,OGL,ONGOLE,82.0,17.53,48.22,33.97,0.28,Significant Delay (60-200 min),48.518
12840,Howrah Mail,CLX,CHIRALA,84.0,17.53,47.95,34.25,0.27,Significant Delay (60-200 min),48.436
12840,Howrah Mail,BPP,BAPATLA,85.0,18.08,45.48,36.16,0.28,Significant Delay (60-200 min),48.136
12840,Howrah Mail,TEL,TENALI JN,77.0,31.78,33.42,34.52,0.28,Significant Delay (60-200 min),55.477999999999994
12840,Howrah Mail,BZA,VIJAYAWADA JN,84.0,23.84,39.73,36.16,0.27,Significant Delay (60-200 min),51.018
12840,Howrah Mail,EE,ELURU,94.0,16.44,38.36,44.93,0.27,Significant Delay (60-200 min),44.687
12840,Howrah Mail,TDD,TADEPALLIGUDEM,99.0,14.79,36.16,48.77,0.28,Significant Delay (60-200 min),42.708
12840,Howrah Mail,NDD,NIDADAVOLU JN,103.0,13.97,30.68,55.07,0.28,Significant Delay (60-200 min),40.408
12840,Howrah Mail,SLO,SAMALKOT JN,121.0,16.44,10.14,73.15,0.27,Significant Delay (60-200 min),36.221000000000004
12840,Howrah Mail,ANV,ANNAVARAM,124.0,13.97,12.05,73.7,0.28,Significant Delay (60-200 min),34.819
12840,Howrah Mail,TUNI,TUNI,124.0,14.25,11.78,73.7,0.27,Significant Delay (60-200 min),34.961
12840,Howrah Mail,AKP,ANAKAPALLE,128.0,14.25,9.32,76.16,0.27,Significant Delay (60-200 min),34.223
12840,Howrah Mail,VSKP,VISAKHAPATNAM,79.0,40.55,23.01,36.16,0.28,Significant Delay (60-200 min),59.371
12840,Howrah Mail,VZM,VIZIANAGRAM JN,89.0,21.64,39.73,38.36,0.27,Significant Delay (60-200 min),49.258
12840,Howrah Mail,CPP,CHIPURUPALLE,91.0,17.81,42.47,39.45,0.27,Significant Delay (60-200 min),47.016000000000005
12840,Howrah Mail,CHE,SRIKAKULAM ROAD,91.0,20.27,40.55,38.9,0.28,Significant Delay (60-200 min),48.409
12840,Howrah Mail,NWP,NAUPADA JN,96.0,15.62,42.74,41.37,0.27,Significant Delay (60-200 min),45.345
12840,Howrah Mail,PSA,PALASA,77.0,47.4,17.26,35.07,0.27,Significant Delay (60-200 min),63.125
12840,Howrah Mail,SPT,SOMPETA,83.0,41.64,21.37,36.71,0.28,Significant Delay (60-200 min),59.751000000000005
12840,Howrah Mail,IPM,ICHCHPURAM,88.0,31.23,30.68,37.81,0.28,Significant Delay (60-200 min),54.216
12840,Howrah Mail,BAM,BRAHMAPUR,99.0,7.12,52.6,40.0,0.28,Significant Delay (60-200 min),41.504000000000005
12840,Howrah Mail,CAP,CHATRAPUR,103.0,2.47,54.52,42.74,0.27,Significant Delay (60-200 min),38.358999999999995
12840,Howrah Mail,BALU,BALUGAN,108.0,2.19,53.15,44.38,0.28,Significant Delay (60-200 min),37.725
12840,Howrah Mail,KUR,KHURDA ROAD JN,117.0,4.66,43.01,52.05,0.28,Significant Delay (60-200 min),36.659000000000006
12840,Howrah Mail,BBS,BHUBANESWAR,121.0,3.84,40.82,55.07,0.27,Significant Delay (60-200 min),35.345
12840,Howrah Mail,CTC,CUTTACK,124.0,4.93,36.99,57.26,0.82,Significant Delay (60-200 min),35.123000000000005
12840,Howrah Mail,JJKR,JAJPUR K ROAD,127.0,3.84,37.26,58.63,0.27,Significant Delay (60-200 min),34.277
12840,Howrah Mail,BHC,BHADRAKH,87.0,41.64,17.26,40.82,0.28,Significant Delay (60-200 min),58.518
12840,Howrah Mail,BLS,BALASORE,101.0,23.84,29.32,46.58,0.26,Significant Delay (60-200 min),47.894
12840,Howrah Mail,KGP,KHARAGPUR JN,123.0,10.14,30.96,58.63,0.27,Significant Delay (60-200 min),37.42700000000001
12840,Howrah Mail,SRC,SANTRAGACHI JN,158.0,6.3,13.42,80.0,0.28,Significant Delay (60-200 min),29.094
12840,Howrah Mail,HWH,HOWRAH JN,129.0,18.63,10.68,69.59,1.1,Significant Delay (60-200 min),38.218
12433,Rajdhani,MAS,CHENNAI CENTRAL,2.0,100.0,0.0,0.0,0.0,On Time (0-15 min),100.0
12433,Rajdhani,BZA,VIJAYAWADA JN,14.0,44.44,55.56,0.0,0.0,On Time (0-15 min),72.22
12433,Rajdhani,WL,WARANGAL,18.0,33.33,66.67,0.0,0.0,Slight Delay (15-60 min),66.66499999999999
12433,Rajdhani,BPQ,BALHARSHAH,13.0,66.67,33.33,0.0,0.0,On Time (0-15 min),83.33500000000001
12433,Rajdhani,NGP,NAGPUR,16.0,77.78,22.22,0.0,0.0,Slight Delay (15-60 min),88.89
12433,Rajdhani,BPL,BHOPAL JN,7.0,77.78,22.22,0.0,0.0,On Time (0-15 min),88.89
12433,Rajdhani,VGLJ,V LAKSHMIBAI JHANSI,5.0,100.0,0.0,0.0,0.0,On Time (0-15 min),100.0
12433,Rajdhani,GWL,GWALIOR,13.0,66.67,33.33,0.0,0.0,On Time (0-15 min),83.33500000000001
12433,Rajdhani,AGC,AGRA CANTT,7.0,88.89,11.11,0.0,0.0,On Time (0-15 min),94.445
12433,Rajdhani,NZM,H NIZAMUDDIN,2.0,88.89,11.11,0.0,0.0,On Time (0-15 min),94.445
12434,Rajdhani,NZM,H NIZAMUDDIN,0.0,100.0,0.0,0.0,0.0,,100.0
12434,Rajdhani,AGC,AGRA CANTT,10.0,77.78,22.22,0.0,0.0,On Time (0-15 min),88.89
12434,Rajdhani,VGLJ,V LAKSHMIBAI JHANSI,4.0,100.0,0.0,0.0,0.0,On Time (0-15 min),100.0
12434,Rajdhani,BPL,BHOPAL JN,10.0,100.0,0.0,0.0,0.0,On Time (0-15 min),100.0
12434,Rajdhani,NGP,NAGPUR,6.0,77.78,22.22,0.0,0.0,On Time (0-15 min),88.89
12434,Rajdhani,BPQ,BALHARSHAH,1.0,100.0,0.0,0.0,0.0,On Time (0-15 min),100.0
12434,Rajdhani,WL,WARANGAL,7.0,88.89,11.11,0.0,0.0,On Time (0-15 min),94.445
12434,Rajdhani,BZA,VIJAYAWADA JN,16.0,66.67,33.33,0.0,0.0,Slight Delay (15-60 min),83.33500000000001
12295,Sanghamitra Express,SMVB,SMVT BENGALURU,19.0,76.67,16.67,6.67,0.0,Slight Delay (15-60 min),86.334
12295,Sanghamitra Express,BWT,BANGARAPET,31.0,43.33,46.67,10.0,0.0,Slight Delay (15-60 min),68.66499999999999
12295,Sanghamitra Express,KPN,KUPPAM,30.0,63.33,26.67,10.0,0.0,Slight Delay (15-60 min),78.66499999999999
12295,Sanghamitra Express,JTJ,JOLARPETTAI,30.0,60.0,26.67,13.33,0.0,Slight Delay (15-60 min),76.001
12295,Sanghamitra Express,KPD,KATPADI JN,24.0,80.0,6.67,13.33,0.0,Slight Delay (15-60 min),86.001
12295,Sanghamitra Express,AJJ,ARAKKONAM,29.0,63.33,23.33,13.33,0.01,Slight Delay (15-60 min),77.664
12295,Sanghamitra Express,PER,PERAMBUR,33.0,60.0,26.67,13.33,0.0,Slight Delay (15-60 min),76.001
12295,Sanghamitra Express,GDR,GUDUR JN,46.0,10.0,70.0,20.0,0.0,Slight Delay (15-60 min),49.0
12295,Sanghamitra Express,NLR,NELLORE,60.0,0.0,80.0,20.0,0.0,Slight Delay (15-60 min),44.0
12295,Sanghamitra Express,OGL,ONGOLE,61.0,3.33,73.33,23.33,0.01,Significant Delay (60-200 min),44.664
12295,Sanghamitra Express,BZA,VIJAYAWADA JN,54.0,3.33,76.67,20.0,0.0,Slight Delay (15-60 min),45.665
12295,Sanghamitra Express,KMT,KHAMMAM,38.0,60.0,20.0,20.0,0.0,Slight Delay (15-60 min),74.0
12295,Sanghamitra Express,WL,WARANGAL,62.0,0.0,80.0,20.0,0.0,Significant Delay (60-200 min),44.0
12295,Sanghamitra Express,RDM,RAMGUNDAM,57.0,13.33,63.33,23.33,0.01,Slight Delay (15-60 min),49.664
12295,Sanghamitra Express,SKZR,SIRPUR KAGAZNGR,38.0,3.33,30.0,3.33,63.34,Slight Delay (15-60 min),37.998
12295,Sanghamitra Express,BPQ,BALHARSHAH,32.0,70.0,13.33,16.67,0.0,Slight Delay (15-60 min),79.999
12295,Sanghamitra Express,CD,CHANDRAPUR,35.0,60.0,23.33,16.67,0.0,Slight Delay (15-60 min),74.999
12295,Sanghamitra Express,SEGM,SEVAGRAM,44.0,36.67,46.67,16.67,0.0,Slight Delay (15-60 min),63.334
12295,Sanghamitra Express,NGP,NAGPUR,31.0,63.33,20.0,16.67,0.0,Slight Delay (15-60 min),76.664
12295,Sanghamitra Express,BZU,BETUL,64.0,6.67,63.33,30.0,0.0,Significant Delay (60-200 min),44.335
12295,Sanghamitra Express,GDYA,GHORADONGRI,73.0,0.0,53.33,46.67,0.0,Significant Delay (60-200 min),35.998999999999995
12295,Sanghamitra Express,ET,ITARSI JN,26.0,80.0,6.67,13.33,0.0,Slight Delay (15-60 min),86.001
12295,Sanghamitra Express,NU,NARSINGHPUR,54.0,6.67,76.67,16.67,0.0,Slight Delay (15-60 min),48.334
12295,Sanghamitra Express,JBP,JABALPUR,43.0,36.67,46.67,16.67,0.0,Slight Delay (15-60 min),63.334
12295,Sanghamitra Express,KTE,KATNI,60.0,0.0,83.33,16.67,0.0,Slight Delay (15-60 min),44.998999999999995
12295,Sanghamitra Express,MYR,MAIHAR,70.0,0.0,83.33,16.67,0.0,Significant Delay (60-200 min),44.998999999999995
12295,Sanghamitra Express,STA,SATNA,62.0,0.0,83.33,16.67,0.0,Significant Delay (60-200 min),44.998999999999995
12295,Sanghamitra Express,PCOI,PRAYAGRAJ CHHEOKI,70.0,10.0,40.0,50.0,0.0,Significant Delay (60-200 min),40.0
12295,Sanghamitra Express,MZP,MIRZAPUR,29.0,43.33,50.0,6.67,0.0,Slight Delay (15-60 min),69.664
12295,Sanghamitra Express,DDU,PT DEEN DAYAL UPADHYAY JN,12.0,96.67,0.0,3.33,0.0,On Time (0-15 min),97.336
12295,Sanghamitra Express,BXR,BUXAR,19.0,70.0,26.67,3.33,0.0,Slight Delay (15-60 min),84.001
12295,Sanghamitra Express,ARA,ARA,23.0,56.67,36.67,6.67,0.0,Slight Delay (15-60 min),76.334
12295,Sanghamitra Express,DNR,DANAPUR,4.0,90.0,3.33,6.67,0.0,On Time (0-15 min),92.999
12296,Sanghamitra Express,DNR,DANAPUR,5.0,90.0,10.0,0.0,0.0,On Time (0-15 min),95.0
12296,Sanghamitra Express,ARA,ARA,23.0,43.33,46.67,10.0,0.0,Slight Delay (15-60 min),68.66499999999999
12296,Sanghamitra Express,BXR,BUXAR,34.0,16.67,73.33,10.0,0.0,Slight Delay (15-60 min),55.335
12296,Sanghamitra Express,DLN,DILDARNAGAR JN,45.0,3.33,76.67,20.0,0.0,Slight Delay (15-60 min),45.665
12296,Sanghamitra Express,DDU,PT DEEN DAYAL UPADHYAY JN,21.0,66.67,23.33,10.0,0.0,Slight Delay (15-60 min),80.33500000000001
12296,Sanghamitra Express,MZP,MIRZAPUR,21.0,60.0,30.0,10.0,0.0,Slight Delay (15-60 min),77.0
12296,Sanghamitra Express,PCOI,PRAYAGRAJ CHHEOKI,28.0,43.33,46.67,10.0,0.0,Slight Delay (15-60 min),68.66499999999999
12296,Sanghamitra Express,STA,SATNA,20.0,56.67,36.67,6.67,0.0,Slight Delay (15-60 min),76.334
12296,Sanghamitra Express,MYR,MAIHAR,29.0,30.0,60.0,10.0,0.0,Slight Delay (15-60 min),62.0
12296,Sanghamitra Express,KTE,KATNI,47.0,3.33,76.67,20.0,0.0,Slight Delay (15-60 min),45.665
12296,Sanghamitra Express,JBP,JABALPUR,38.0,23.33,63.33,13.33,0.01,Slight Delay (15-60 min),57.664
12296,Sanghamitra Express,ET,ITARSI JN,8.0,83.33,13.33,3.33,0.01,On Time (0-15 min),90.664
12296,Sanghamitra Express,GDYA,GHORADONGRI,13.0,80.0,13.33,6.67,0.0,On Time (0-15 min),87.999
12296,Sanghamitra Express,BZU,BETUL,27.0,36.67,53.33,10.0,0.0,Slight Delay (15-60 min),65.33500000000001
12296,Sanghamitra Express,NGP,NAGPUR,22.0,53.33,36.67,10.0,0.0,Slight Delay (15-60 min),73.66499999999999
12296,Sanghamitra Express,SEGM,SEVAGRAM,41.0,13.33,63.33,23.33,0.01,Slight Delay (15-60 min),49.664
12296,Sanghamitra Express,BPQ,BALHARSHAH,10.0,83.33,16.67,0.0,0.0,On Time (0-15 min),91.66499999999999
12296,Sanghamitra Express,SKZR,SIRPUR KAGAZNGR,39.0,3.33,23.33,10.0,63.34,Slight Delay (15-60 min),35.997
12296,Sanghamitra Express,RDM,RAMGUNDAM,43.0,0.0,86.67,13.33,0.0,Slight Delay (15-60 min),46.001000000000005
12296,Sanghamitra Express,WL,WARANGAL,51.0,6.67,73.33,20.0,0.0,Slight Delay (15-60 min),47.335
12296,Sanghamitra Express,KMT,KHAMMAM,57.0,3.33,63.33,33.33,0.01,Slight Delay (15-60 min),41.664
12296,Sanghamitra Express,BZA,VIJAYAWADA JN,23.0,46.67,46.67,6.67,0.0,Slight Delay (15-60 min),71.334
12296,Sanghamitra Express,OGL,ONGOLE,29.0,36.67,53.33,10.0,0.0,Slight Delay (15-60 min),65.33500000000001
12296,Sanghamitra Express,NLR,NELLORE,25.0,46.67,46.67,6.67,0.0,Slight Delay (15-60 min),71.334
12296,Sanghamitra Express,GDR,GUDUR JN,14.0,80.0,13.33,6.67,0.0,On Time (0-15 min),87.999
12296,Sanghamitra Express,AJJ,ARAKKONAM,32.0,26.67,66.67,6.67,0.0,Slight Delay (15-60 min),61.334
12296,Sanghamitra Express,KPD,KATPADI JN,37.0,46.67,40.0,13.33,0.0,Slight Delay (15-60 min),69.336
12296,Sanghamitra Express,JTJ,JOLARPETTAI,31.0,56.67,30.0,13.33,0.0,Slight Delay (15-60 min),74.336
12296,Sanghamitra Express,KPN,KUPPAM,46.0,30.0,56.67,13.33,0.0,Slight Delay (15-60 min),61.001000000000005
12296,Sanghamitra Express,BWT,BANGARAPET,49.0,20.0,66.67,13.33,0.0,Slight Delay (15-60 min),56.001000000000005
12296,Sanghamitra Express,KJM,KRISHNARAJAPURM,45.0,20.0,66.67,13.33,0.0,Slight Delay (15-60 min),56.001000000000005
12296,Sanghamitra Express,SMVB,SMVT BENGALURU,10.0,86.67,0.0,13.33,0.0,On Time (0-15 min),89.336
12841,Coromandel Express,HWH,HOWRAH JN,18.0,53.33,30.0,6.67,10.0,Slight Delay (15-60 min),72.664
12841,Coromandel Express,SRC,SANTRAGACHI JN,20.0,63.33,26.67,10.0,0.0,Slight Delay (15-60 min),78.66499999999999
12841,Coromandel Express,KGP,KHARAGPUR JN,34.0,23.33,60.0,16.67,0.0,Slight Delay (15-60 min),56.664
12841,Coromandel Express,BLS,BALASORE,53.0,10.0,60.0,30.0,0.0,Slight Delay (15-60 min),46.0
12841,Coromandel Express,JJKR,JAJPUR K ROAD,36.0,46.67,33.33,20.0,0.0,Slight Delay (15-60 min),67.33500000000001
12841,Coromandel Express,CTC,CUTTACK,48.0,20.0,50.0,30.0,0.0,Slight Delay (15-60 min),51.0
12841,Coromandel Express,BBS,BHUBANESWAR,49.0,23.33,50.0,26.67,0.0,Slight Delay (15-60 min),53.664
12841,Coromandel Express,KUR,KHURDA ROAD JN,71.0,3.33,50.0,46.67,0.0,Significant Delay (60-200 min),37.664
12841,Coromandel Express,BAM,BRAHMAPUR,63.0,6.67,50.0,43.33,0.0,Significant Delay (60-200 min),40.336
12841,Coromandel Express,VSKP,VISAKHAPATNAM,48.0,50.0,23.33,26.67,0.0,Slight Delay (15-60 min),66.999
12841,Coromandel Express,TDD,TADEPALLIGUDEM,71.0,6.67,60.0,33.33,0.0,Significant Delay (60-200 min),43.336
12841,Coromandel Express,EE,ELURU,71.0,3.33,63.33,33.33,0.01,Significant Delay (60-200 min),41.664
12841,Coromandel Express,BZA,VIJAYAWADA JN,45.0,40.0,33.33,26.67,0.0,Slight Delay (15-60 min),61.998999999999995
12841,Coromandel Express,MAS,CHENNAI CENTRAL,21.0,66.67,10.0,23.33,0.0,Slight Delay (15-60 min),76.336
12842,Coromandel Express,MAS,CHENNAI CENTRAL,31.0,76.67,10.0,13.33,0.0,Slight Delay (15-60 min),84.336
12842,Coromandel Express,OGL,ONGOLE,50.0,36.67,43.33,20.0,0.0,Slight Delay (15-60 min),62.335
12842,Coromandel Express,BZA,VIJAYAWADA JN,56.0,16.67,60.0,23.33,0.0,Slight Delay (15-60 min),51.336
12842,Coromandel Express,EE,ELURU,68.0,3.33,70.0,26.67,0.0,Significant Delay (60-200 min),43.664
12842,Coromandel Express,TDD,TADEPALLIGUDEM,75.0,3.33,56.67,40.0,0.0,Significant Delay (60-200 min),39.665
12842,Coromandel Express,RJY,RAJAMUNDRY,100.0,0.0,16.67,83.33,0.0,Significant Delay (60-200 min),25.001
12842,Coromandel Express,VSKP,VISAKHAPATNAM,35.0,60.0,23.33,16.67,0.0,Slight Delay (15-60 min),74.999
12842,Coromandel Express,KUR,KHURDA ROAD JN,79.0,0.0,60.0,40.0,0.0,Significant Delay (60-200 min),38.0
12842,Coromandel Express,BBS,BHUBANESWAR,77.0,0.0,56.67,43.33,0.0,Significant Delay (60-200 min),37.001000000000005
12842,Coromandel Express,CTC,CUTTACK,80.0,0.0,53.33,46.67,0.0,Significant Delay (60-200 min),35.998999999999995
12842,Coromandel Express,JJKR,JAJPUR K ROAD,104.0,0.0,13.33,86.67,0.0,Significant Delay (60-200 min),23.999
12842,Coromandel Express,BHC,BHADRAKH,45.0,40.0,36.67,23.33,0.0,Slight Delay (15-60 min),63.001000000000005
12842,Coromandel Express,BLS,BALASORE,58.0,13.33,63.33,23.33,0.01,Slight Delay (15-60 min),49.664
12842,Coromandel Express,KGP,KHARAGPUR JN,89.0,0.0,56.67,43.33,0.0,Significant Delay (60-200 min),37.001000000000005
12842,Coromandel Express,SRC,SANTRAGACHI JN,51.0,36.67,33.33,30.0,0.0,Slight Delay (15-60 min),59.335
12842,Coromandel Express,HWH,HOWRAH JN,63.0,53.33,10.0,26.67,10.0,Significant Delay (60-200 min),66.664
12842,Coromandel Express,SHM,SHALIMAR,53.0,3.33,0.0,6.67,90.0,Slight Delay (15-60 min),31.663999999999998
12625,Kerala Express,TVC,TRIVANDRUM CNTL,7.0,94.52,4.93,0.55,0.0,On Time (0-15 min),97.095
12625,Kerala Express,VAK,VARKALA,8.0,89.59,9.59,0.82,0.0,On Time (0-15 min),94.549
12625,Kerala Express,QLN,KOLLAM JN,10.0,87.12,12.05,0.82,0.01,On Time (0-15 min),93.31200000000001
12625,Kerala Express,MVLK,MAVELIKARA,17.0,58.36,40.55,1.1,0.0,Slight Delay (15-60 min),78.85
12625,Kerala Express,CNGR,CHENGANNUR,17.0,53.42,45.48,1.1,0.0,Slight Delay (15-60 min),76.38
12625,Kerala Express,TRVL,TIRUVALLA,21.0,38.63,60.0,1.37,0.0,Slight Delay (15-60 min),68.904
12625,Kerala Express,CGY,CHANGANASERI,21.0,41.64,56.71,1.64,0.01,Slight Delay (15-60 min),70.32600000000001
12625,Kerala Express,VARD,VAIKAM ROAD,23.0,36.71,60.82,2.47,0.0,Slight Delay (15-60 min),67.614
12625,Kerala Express,ERN,ERNAKULAM TOWN,25.0,31.23,65.48,3.29,0.0,Slight Delay (15-60 min),64.628
12625,Kerala Express,AWY,ALUVA,27.0,24.93,70.96,4.11,0.0,Slight Delay (15-60 min),61.232
12625,Kerala Express,TCR,THRISUR,30.0,10.14,85.48,4.38,0.0,Slight Delay (15-60 min),53.756
12625,Kerala Express,OTP,OTTAPPALAM,17.0,70.14,26.85,3.01,0.0,Slight Delay (15-60 min),84.167
12625,Kerala Express,PGT,PALAKKAD JN,26.0,25.48,71.23,3.29,0.0,Slight Delay (15-60 min),61.753
12625,Kerala Express,CBE,COIMBATORE JN,17.0,65.48,31.23,3.29,0.0,Slight Delay (15-60 min),81.753
12625,Kerala Express,TUP,TIRUPPUR,18.0,61.1,35.62,3.29,0.0,Slight Delay (15-60 min),79.563
12625,Kerala Express,ED,ERODE JN,20.0,53.42,43.29,3.29,0.0,Slight Delay (15-60 min),75.723
12625,Kerala Express,SA,SALEM JN,18.0,58.36,38.36,3.29,0.0,Slight Delay (15-60 min),78.193
12625,Kerala Express,JTJ,JOLARPETTAI,12.0,89.86,7.4,2.74,0.0,On Time (0-15 min),94.108
12625,Kerala Express,KPD,KATPADI JN,9.0,93.7,4.11,2.19,0.0,On Time (0-15 min),96.193
12625,Kerala Express,CTO,CHITTOOR,17.0,65.21,31.78,3.01,0.0,Slight Delay (15-60 min),81.702
12625,Kerala Express,TPTY,TIRUPATI,20.0,56.16,40.82,3.01,0.01,Slight Delay (15-60 min),77.175
12625,Kerala Express,RU,RENIGUNTA JN,31.0,15.34,80.82,3.84,0.0,Slight Delay (15-60 min),56.518
12625,Kerala Express,GDR,GUDUR JN,19.0,53.7,42.47,3.01,0.82,Slight Delay (15-60 min),75.783
12625,Kerala Express,NLR,NELLORE,27.0,26.85,68.49,3.84,0.82,Slight Delay (15-60 min),62.108999999999995
12625,Kerala Express,BZA,VIJAYAWADA JN,20.0,57.53,36.71,4.93,0.83,Slight Delay (15-60 min),77.12
12625,Kerala Express,WL,WARANGAL,84.0,1.1,15.62,82.47,0.81,Significant Delay (60-200 min),25.647000000000002
12625,Kerala Express,RDM,RAMGUNDAM,48.0,18.9,52.6,27.67,0.83,Slight Delay (15-60 min),50.983000000000004
12625,Kerala Express,BPQ,BALHARSHAH,18.0,75.62,18.36,5.21,0.81,Slight Delay (15-60 min),86.08500000000001
12625,Kerala Express,CD,CHANDRAPUR,19.0,65.75,27.95,5.48,0.82,Slight Delay (15-60 min),81.067
12625,Kerala Express,SEGM,SEVAGRAM,38.0,15.07,72.05,12.05,0.83,Slight Delay (15-60 min),53.754000000000005
12625,Kerala Express,NGP,NAGPUR,50.0,6.3,71.78,21.1,0.82,Slight Delay (15-60 min),46.656000000000006
12625,Kerala Express,ET,ITARSI JN,28.0,54.52,36.99,8.49,0.0,Slight Delay (15-60 min),74.713
12625,Kerala Express,BPL,BHOPAL JN,28.0,57.26,34.52,8.22,0.0,Slight Delay (15-60 min),76.164
12625,Kerala Express,BINA,BINA JN,25.0,70.96,20.27,8.77,0.0,Slight Delay (15-60 min),82.84899999999999
12625,Kerala Express,VGLJ,V LAKSHMIBAI JHANSI,38.0,44.66,41.64,13.7,0.0,Slight Delay (15-60 min),68.22
12625,Kerala Express,GWL,GWALIOR,45.0,39.45,43.29,17.26,0.0,Slight Delay (15-60 min),64.547
12625,Kerala Express,AGC,AGRA CANTT,43.0,58.36,23.01,18.63,0.0,Slight Delay (15-60 min),73.59100000000001
12625,Kerala Express,MTJ,MATHURA JN,60.0,13.15,63.29,23.56,0.0,Slight Delay (15-60 min),49.507
12625,Kerala Express,FDB,FARIDABAD,45.0,60.82,18.36,20.82,0.0,Slight Delay (15-60 min),74.164
12625,Kerala Express,NZM,H NIZAMUDDIN,60.0,47.67,27.67,24.66,0.0,Slight Delay (15-60 min),66.437
12625,Kerala Express,NDLS,NEW DELHI,50.0,62.74,16.44,20.82,0.0,Slight Delay (15-60 min),75.124
12626,Kerala Express,NDLS,NEW DELHI,35.0,84.38,3.84,11.78,0.0,Slight Delay (15-60 min),88.65599999999999
12626,Kerala Express,MTJ,MATHURA JN,63.0,13.7,70.96,15.34,0.0,Significant Delay (60-200 min),52.248
12626,Kerala Express,AGC,AGRA CANTT,68.0,5.75,77.53,16.16,0.56,Significant Delay (60-200 min),47.915000000000006
12626,Kerala Express,GWL,GWALIOR,64.0,39.45,43.56,16.44,0.55,Significant Delay (60-200 min),64.683
12626,Kerala Express,VGLJ,V LAKSHMIBAI JHANSI,64.0,53.15,28.77,17.53,0.55,Significant Delay (60-200 min),71.206
12626,Kerala Express,BINA,BINA JN,68.0,65.75,15.62,18.63,0.0,Significant Delay (60-200 min),77.286
12626,Kerala Express,BPL,BHOPAL JN,80.0,42.74,36.99,20.27,0.0,Significant Delay (60-200 min),65.289
12626,Kerala Express,ET,ITARSI JN,76.0,54.25,26.03,19.73,0.0,Significant Delay (60-200 min),71.206
12626,Kerala Express,NGP,NAGPUR,88.0,30.96,48.22,20.55,0.27,Significant Delay (60-200 min),59.260999999999996
12626,Kerala Express,SEGM,SEVAGRAM,103.0,9.32,60.27,30.14,0.27,Significant Delay (60-200 min),45.564
12626,Kerala Express,CD,CHANDRAPUR,116.0,1.92,58.36,39.45,0.27,Significant Delay (60-200 min),39.071
12626,Kerala Express,RDM,RAMGUNDAM,118.0,1.37,57.26,41.1,0.27,Significant Delay (60-200 min),38.301
12626,Kerala Express,WL,WARANGAL,128.0,1.37,47.12,51.23,0.28,Significant Delay (60-200 min),35.260000000000005
12626,Kerala Express,BZA,VIJAYAWADA JN,98.0,26.85,43.84,29.04,0.27,Significant Delay (60-200 min),54.659000000000006
12626,Kerala Express,NLR,NELLORE,103.0,24.38,41.1,34.25,0.27,Significant Delay (60-200 min),51.861000000000004
12626,Kerala Express,GDR,GUDUR JN,107.0,23.56,39.73,36.44,0.27,Significant Delay (60-200 min),50.794
12626,Kerala Express,RU,RENIGUNTA JN,107.0,33.15,31.23,35.62,0.0,Significant Delay (60-200 min),55.888999999999996
12626,Kerala Express,TPTY,TIRUPATI,114.0,13.7,49.59,36.71,0.0,Significant Delay (60-200 min),45.836999999999996
12626,Kerala Express,CTO,CHITTOOR,105.0,36.99,28.22,34.79,0.0,Significant Delay (60-200 min),58.05800000000001
12626,Kerala Express,KPD,KATPADI JN,98.0,54.52,12.88,32.6,0.0,Significant Delay (60-200 min),67.48
12626,Kerala Express,SA,SALEM JN,105.0,49.04,16.99,33.97,0.0,Significant Delay (60-200 min),64.32900000000001
12626,Kerala Express,ED,ERODE JN,105.0,46.58,19.45,33.97,0.0,Significant Delay (60-200 min),63.099000000000004
12626,Kerala Express,CBE,COIMBATORE JN,110.0,37.81,27.4,34.25,0.54,Significant Delay (60-200 min),58.52199999999999
12626,Kerala Express,PGT,PALAKKAD JN,108.0,44.66,23.01,32.33,0.0,Significant Delay (60-200 min),62.631
12626,Kerala Express,OTP,OTTAPPALAM,117.0,16.71,49.32,33.97,0.0,Significant Delay (60-200 min),48.164
12626,Kerala Express,TCR,THRISUR,110.0,20.0,49.04,30.96,0.0,Significant Delay (60-200 min),50.711999999999996
12626,Kerala Express,AWY,ALUVA,121.0,5.75,60.55,33.7,0.0,Significant Delay (60-200 min),42.765
12626,Kerala Express,ERN,ERNAKULAM TOWN,116.0,18.08,49.04,32.88,0.0,Significant Delay (60-200 min),49.176
12626,Kerala Express,VARD,VAIKAM ROAD,112.0,38.63,29.86,31.51,0.0,Significant Delay (60-200 min),59.861999999999995
12626,Kerala Express,KTYM,KOTTAYAM,113.0,39.45,29.04,31.51,0.0,Significant Delay (60-200 min),60.272
12626,Kerala Express,CGY,CHANGANASERI,113.0,42.47,26.58,30.96,0.0,Significant Delay (60-200 min),61.946999999999996
12626,Kerala Express,TRVL,TIRUVALLA,113.0,42.19,26.3,31.51,0.0,Significant Delay (60-200 min),61.641999999999996
12626,Kerala Express,CNGR,CHENGANNUR,114.0,39.45,29.04,31.51,0.0,Significant Delay (60-200 min),60.272
12626,Kerala Express,MVLK,MAVELIKARA,115.0,38.36,30.41,31.23,0.0,Significant Delay (60-200 min),59.81099999999999
12626,Kerala Express,KYJ,KAYANKULAM JN,117.0,32.05,36.99,30.96,0.0,Significant Delay (60-200 min),56.736999999999995
12626,Kerala Express,QLN,KOLLAM JN,123.0,16.99,51.78,31.23,0.0,Significant Delay (60-200 min),49.126
12626,Kerala Express,VAK,VARKALA,126.0,13.15,53.42,33.42,0.01,Significant Delay (60-200 min),46.547
12626,Kerala Express,TVP,TRIVANDRUM PETT,107.0,55.89,17.26,26.85,0.0,Significant Delay (60-200 min),69.89
12626,Kerala Express,TVC,TRIVANDRUM CNTL,93.0,63.29,10.41,26.3,0.0,Significant Delay (60-200 min),73.755
12951,Mumbai Rajdhani,MMCT,MUMBAI CENTRAL,7.0,98.63,0.27,1.1,0.0,On Time (0-15 min),98.985
12951,Mumbai Rajdhani,BVI,BORIVALI,15.0,93.7,5.21,1.1,0.0,On Time (0-15 min),96.52000000000001
12951,Mumbai Rajdhani,ST,SURAT,16.0,81.92,16.16,1.92,0.0,Slight Delay (15-60 min),90.384
12951,Mumbai Rajdhani,BRC,VADODARA JN,17.0,74.52,23.84,1.64,0.0,Slight Delay (15-60 min),86.768
12951,Mumbai Rajdhani,RTM,RATLAM JN,15.0,83.56,14.25,2.19,0.0,On Time (0-15 min),91.123
12951,Mumbai Rajdhani,NAD,NAGDA JN,11.0,92.05,6.3,1.64,0.01,On Time (0-15 min),95.531
12951,Mumbai Rajdhani,KOTA,KOTA JN,16.0,80.27,17.81,1.92,0.0,Slight Delay (15-60 min),89.559
12951,Mumbai Rajdhani,NDLS,NEW DELHI,27.0,82.47,11.51,6.03,0.0,Slight Delay (15-60 min),89.426
12952,Mumbai Rajdhani,NDLS,NEW DELHI,8.0,97.26,0.55,2.19,0.0,On Time (0-15 min),97.973
12952,Mumbai Rajdhani,KOTA,KOTA JN,20.0,57.81,38.9,3.29,0.0,Slight Delay (15-60 min),77.918
12952,Mumbai Rajdhani,NAD,NAGDA JN,15.0,76.71,20.0,3.29,0.0,On Time (0-15 min),87.368
12952,Mumbai Rajdhani,RTM,RATLAM JN,20.0,64.93,31.51,3.56,0.0,Slight Delay (15-60 min),81.397
12952,Mumbai Rajdhani,BRC,VADODARA JN,13.0,87.12,9.86,3.01,0.01,On Time (0-15 min),92.655
12952,Mumbai Rajdhani,ST,SURAT,15.0,85.48,11.51,3.01,0.0,On Time (0-15 min),91.837
12952,Mumbai Rajdhani,BVI,BORIVALI,28.0,24.38,70.68,4.93,0.01,Slight Delay (15-60 min),60.709
12952,Mumbai Rajdhani,MMCT,MUMBAI CENTRAL,13.0,88.22,7.4,4.38,0.0,On Time (0-15 min),92.79599999999999
22301,Vande Bharat,HWH,HOWRAH JN,0.0,100.0,0.0,0.0,0.0,,100.0
22301,Vande Bharat,BHP,BOLPUR S NIKTN,19.0,38.46,61.54,0.0,0.0,Slight Delay (15-60 min),69.23
22301,Vande Bharat,MLDT,MALDA TOWN,5.0,92.31,7.69,0.0,0.0,On Time (0-15 min),96.155
22301,Vande Bharat,BOE,BARSOI JN,14.0,76.92,19.23,3.85,0.0,On Time (0-15 min),87.305
22301,Vande Bharat,KNE,KISHANGANJ,10.0,26.92,19.23,0.0,53.85,On Time (0-15 min),52.69
22301,Vande Bharat,NJP,NEW JALPAIGURI,7.0,88.46,11.54,0.0,0.0,On Time (0-15 min),94.22999999999999
22302,Vande Bharat,NJP,NEW JALPAIGURI,1.0,100.0,0.0,0.0,0.0,On Time (0-15 min),100.0
22302,Vande Bharat,KNE,KISHANGANJ,15.0,26.92,19.23,0.0,53.85,On Time (0-15 min),52.69
22302,Vande Bharat,BOE,BARSOI JN,11.0,84.62,15.38,0.0,0.0,On Time (0-15 min),92.31
22302,Vande Bharat,MLDT,MALDA TOWN,15.0,61.54,38.46,0.0,0.0,On Time (0-15 min),80.77
22302,Vande Bharat,BHP,BOLPUR S NIKTN,21.0,46.15,53.85,0.0,0.0,Slight Delay (15-60 min),73.075
12001,Shatabdi,RKMP,RANI KAMLAPATI,3.0,93.33,6.67,0.0,0.0,On Time (0-15 min),96.66499999999999
12001,Shatabdi,BINA,BINA JN,6.0,90.0,6.67,3.33,0.0,On Time (0-15 min),94.001
12001,Shatabdi,LAR,LALITPUR,17.0,70.0,26.67,3.33,0.0,Slight Delay (15-60 min),84.001
12001,Shatabdi,VGLJ,V LAKSHMIBAI JHANSI,18.0,80.0,13.33,6.67,0.0,Slight Delay (15-60 min),87.999
12001,Shatabdi,GWL,GWALIOR,25.0,60.0,33.33,6.67,0.0,Slight Delay (15-60 min),77.999
12001,Shatabdi,MRA,MORENA,28.0,43.33,50.0,6.67,0.0,Slight Delay (15-60 min),69.664
12001,Shatabdi,DHO,DHAULPUR,16.0,80.0,13.33,6.67,0.0,Slight Delay (15-60 min),87.999
12001,Shatabdi,AGC,AGRA CANTT,17.0,80.0,13.33,6.67,0.0,Slight Delay (15-60 min),87.999
12001,Shatabdi,MTJ,MATHURA JN,22.0,73.33,20.0,6.67,0.0,Slight Delay (15-60 min),84.664
12001,Shatabdi,NDLS,NEW DELHI,11.0,83.33,10.0,6.67,0.0,On Time (0-15 min),89.664
12002,Shatabdi,NDLS,NEW DELHI,1.0,100.0,0.0,0.0,0.0,On Time (0-15 min),100.0
12002,Shatabdi,MTJ,MATHURA JN,17.0,40.0,60.0,0.0,0.0,Slight Delay (15-60 min),70.0
12002,Shatabdi,AGC,AGRA CANTT,22.0,3.33,96.67,0.0,0.0,Slight Delay (15-60 min),51.665
12002,Shatabdi,DHO,DHAULPUR,14.0,66.67,33.33,0.0,0.0,On Time (0-15 min),83.33500000000001
12002,Shatabdi,MRA,MORENA,17.0,46.67,53.33,0.0,0.0,Slight Delay (15-60 min),73.33500000000001
12002,Shatabdi,BINA,BINA JN,9.0,83.33,16.67,0.0,0.0,On Time (0-15 min),91.66499999999999
12002,Shatabdi,BPL,BHOPAL JN,13.0,66.67,33.33,0.0,0.0,On Time (0-15 min),83.33500000000001
12002,Shatabdi,RKMP,RANI KAMLAPATI,3.0,83.33,16.67,0.0,0.0,On Time (0-15 min),91.66499999999999
12903,Golden Temple Mail,ST,SURAT,25.0,70.0,23.33,6.67,0.0,Slight Delay (15-60 min),82.999
12903,Golden Temple Mail,BRC,VADODARA JN,30.0,80.0,6.67,13.33,0.0,Slight Delay (15-60 min),86.001
12903,Golden Temple Mail,GDA,GODHRA JN,28.0,76.67,10.0,13.33,0.0,Slight Delay (15-60 min),84.336
12903,Golden Temple Mail,DHD,DAHOD,33.0,53.33,33.33,13.33,0.01,Slight Delay (15-60 min),72.664
12903,Golden Temple Mail,MGN,MEGHNAGAR,34.0,53.33,33.33,13.33,0.01,Slight Delay (15-60 min),72.664
12903,Golden Temple Mail,RTM,RATLAM JN,25.0,86.67,0.0,13.33,0.0,Slight Delay (15-60 min),89.336
12903,Golden Temple Mail,NAD,NAGDA JN,20.0,86.67,0.0,13.33,0.0,Slight Delay (15-60 min),89.336
12903,Golden Temple Mail,SGZ,SHAMGARH,24.0,70.0,16.67,13.33,0.0,Slight Delay (15-60 min),81.001
12903,Golden Temple Mail,BWM,BHAWANI MANDI,26.0,76.67,6.67,16.67,0.0,Slight Delay (15-60 min),83.334
12903,Golden Temple Mail,RMA,RAMGANJ MANDI,30.0,76.67,6.67,16.67,0.0,Slight Delay (15-60 min),83.334
12903,Golden Temple Mail,KOTA,KOTA JN,34.0,66.67,16.67,16.67,0.0,Slight Delay (15-60 min),78.334
12903,Golden Temple Mail,SWM,SAWAI MADHOPUR,42.0,56.67,23.33,20.0,0.0,Slight Delay (15-60 min),72.33500000000001
12903,Golden Temple Mail,GGC,GANGAPUR CITY,49.0,43.33,36.67,20.0,0.0,Slight Delay (15-60 min),65.66499999999999
12903,Golden Temple Mail,SMVJ,SHRI MAHAVEERJI,51.0,33.33,46.67,20.0,0.0,Slight Delay (15-60 min),60.665
12903,Golden Temple Mail,HAN,HINDAUN CITY,48.0,43.33,36.67,20.0,0.0,Slight Delay (15-60 min),65.66499999999999
12903,Golden Temple Mail,BXN,BAYANA JN,46.0,53.33,26.67,20.0,0.0,Slight Delay (15-60 min),70.66499999999999
12903,Golden Temple Mail,BTE,BHARATPUR JN,50.0,43.33,36.67,20.0,0.0,Slight Delay (15-60 min),65.66499999999999
12903,Golden Temple Mail,MTJ,MATHURA JN,37.0,76.67,3.33,20.0,0.0,Slight Delay (15-60 min),82.33500000000001
12903,Golden Temple Mail,FDB,FARIDABAD,37.0,80.0,0.0,20.0,0.0,Slight Delay (15-60 min),84.0
12903,Golden Temple Mail,GZB,GHAZIABAD,53.0,63.33,13.33,23.33,0.01,Slight Delay (15-60 min),74.664
12903,Golden Temple Mail,MTC,MEERUT CITY,57.0,50.0,30.0,20.0,0.0,Slight Delay (15-60 min),69.0
12903,Golden Temple Mail,MUT,MEERUT CANT,60.0,50.0,26.67,23.33,0.0,Slight Delay (15-60 min),68.001
12903,Golden Temple Mail,SKF,SAKHOTI TANDA,61.0,50.0,26.67,23.33,0.0,Significant Delay (60-200 min),68.001
12903,Golden Temple Mail,MOZ,MUZAFFARNAGAR,63.0,40.0,36.67,23.33,0.0,Significant Delay (60-200 min),63.001000000000005
12903,Golden Temple Mail,SRE,SAHARANPUR,43.0,70.0,10.0,20.0,0.0,Slight Delay (15-60 min),79.0
12903,Golden Temple Mail,YJUD,YAMUNANAGAR JAGADHRI,44.0,70.0,10.0,20.0,0.0,Slight Delay (15-60 min),79.0
12903,Golden Temple Mail,UMB,AMBALA CANT JN,49.0,60.0,20.0,20.0,0.0,Slight Delay (15-60 min),74.0
12903,Golden Temple Mail,LDH,LUDHIANA JN,51.0,43.33,36.67,20.0,0.0,Slight Delay (15-60 min),65.66499999999999
12903,Golden Temple Mail,JUC,JALANDHAR CITY,44.0,66.67,13.33,20.0,0.0,Slight Delay (15-60 min),77.33500000000001
12903,Golden Temple Mail,BEAS,BEAS,45.0,70.0,6.67,23.33,0.0,Slight Delay (15-60 min),78.001
12903,Golden Temple Mail,ASR,AMRITSAR JN,39.0,63.33,16.67,20.0,0.0,Slight Delay (15-60 min),75.66499999999999
12904,Golden Temple Mail,ASR,AMRITSAR JN,2.0,100.0,0.0,0.0,0.0,On Time (0-15 min),100.0
12904,Golden Temple Mail,BEAS,BEAS,13.0,80.0,20.0,0.0,0.0,On Time (0-15 min),90.0
12904,Golden Temple Mail,JUC,JALANDHAR CITY,9.0,76.67,23.33,0.0,0.0,On Time (0-15 min),88.33500000000001
12904,Golden Temple Mail,LDH,LUDHIANA JN,13.0,70.0,30.0,0.0,0.0,On Time (0-15 min),85.0
12904,Golden Temple Mail,UMB,AMBALA CANT JN,9.0,76.67,23.33,0.0,0.0,On Time (0-15 min),88.33500000000001
12904,Golden Temple Mail,YJUD,YAMUNANAGAR JAGADHRI,14.0,66.67,33.33,0.0,0.0,On Time (0-15 min),83.33500000000001
12904,Golden Temple Mail,SRE,SAHARANPUR,9.0,80.0,16.67,3.33,0.0,On Time (0-15 min),89.001
12904,Golden Temple Mail,MOZ,MUZAFFARNAGAR,9.0,83.33,10.0,6.67,0.0,On Time (0-15 min),89.664
12904,Golden Temple Mail,MUT,MEERUT CANT,13.0,76.67,16.67,6.67,0.0,On Time (0-15 min),86.334
12904,Golden Temple Mail,MTC,MEERUT CITY,16.0,73.33,16.67,10.0,0.0,Slight Delay (15-60 min),83.66499999999999
12904,Golden Temple Mail,GZB,GHAZIABAD,22.0,56.67,30.0,13.33,0.0,Slight Delay (15-60 min),74.336
12904,Golden Temple Mail,NZM,H NIZAMUDDIN,17.0,80.0,3.33,16.67,0.0,Slight Delay (15-60 min),84.999
12904,Golden Temple Mail,FDB,FARIDABAD,31.0,73.33,10.0,16.67,0.0,Slight Delay (15-60 min),81.664
12904,Golden Temple Mail,MTJ,MATHURA JN,27.0,73.33,10.0,16.67,0.0,Slight Delay (15-60 min),81.664
12904,Golden Temple Mail,BTE,BHARATPUR JN,28.0,70.0,13.33,16.67,0.0,Slight Delay (15-60 min),79.999
12904,Golden Temple Mail,BXN,BAYANA JN,35.0,53.33,30.0,16.67,0.0,Slight Delay (15-60 min),71.664
12904,Golden Temple Mail,HAN,HINDAUN CITY,35.0,50.0,33.33,16.67,0.0,Slight Delay (15-60 min),69.999
12904,Golden Temple Mail,SMVJ,SHRI MAHAVEERJI,36.0,46.67,36.67,16.67,0.0,Slight Delay (15-60 min),68.334
12904,Golden Temple Mail,GGC,GANGAPUR CITY,34.0,56.67,26.67,16.67,0.0,Slight Delay (15-60 min),73.334
12904,Golden Temple Mail,SWM,SAWAI MADHOPUR,35.0,56.67,26.67,16.67,0.0,Slight Delay (15-60 min),73.334
12904,Golden Temple Mail,KOTA,KOTA JN,32.0,56.67,26.67,16.67,0.0,Slight Delay (15-60 min),73.334
12904,Golden Temple Mail,RMA,RAMGANJ MANDI,35.0,60.0,23.33,16.67,0.0,Slight Delay (15-60 min),74.999
12904,Golden Temple Mail,BWM,BHAWANI MANDI,38.0,56.67,23.33,20.0,0.0,Slight Delay (15-60 min),72.33500000000001
12904,Golden Temple Mail,SGZ,SHAMGARH,44.0,30.0,50.0,20.0,0.0,Slight Delay (15-60 min),59.0
12904,Golden Temple Mail,MGN,MEGHNAGAR,37.0,26.67,53.33,20.0,0.0,Slight Delay (15-60 min),57.335
12904,Golden Temple Mail,DHD,DAHOD,39.0,30.0,50.0,20.0,0.0,Slight Delay (15-60 min),59.0
12904,Golden Temple Mail,BRC,VADODARA JN,23.0,66.67,16.67,16.67,0.0,Slight Delay (15-60 min),78.334
12904,Golden Temple Mail,ST,SURAT,22.0,73.33,10.0,16.67,0.0,Slight Delay (15-60 min),81.664
12904,Golden Temple Mail,BVI,BORIVALI,27.0,40.0,46.67,13.33,0.0,Slight Delay (15-60 min),66.001
17057,Devagiri Express,CSMT,C SHIVAJI TERM MUMBAI,3.0,96.67,3.33,0.0,0.0,On Time (0-15 min),98.33500000000001
17057,Devagiri Express,DR,DADAR,10.0,90.0,10.0,0.0,0.0,On Time (0-15 min),95.0
17057,Devagiri Express,KYN,KALYAN JN,16.0,40.0,60.0,0.0,0.0,Slight Delay (15-60 min),70.0
17057,Devagiri Express,KSRA,KASARA,21.0,36.67,63.33,0.0,0.0,Slight Delay (15-60 min),68.33500000000001
17057,Devagiri Express,IGP,IGATPURI,22.0,33.33,66.67,0.0,0.0,Slight Delay (15-60 min),66.66499999999999
17057,Devagiri Express,NK,NASIK ROAD,23.0,30.0,70.0,0.0,0.0,Slight Delay (15-60 min),65.0
17057,Devagiri Express,MMR,MANMAD JN,20.0,43.33,53.33,3.33,0.01,Slight Delay (15-60 min),70.664
17057,Devagiri Express,RGO,ROTEGAON,17.0,66.67,30.0,3.33,0.0,Slight Delay (15-60 min),82.336
17057,Devagiri Express,AWB,AURANGABAD,22.0,60.0,33.33,6.67,0.0,Slight Delay (15-60 min),77.999
17057,Devagiri Express,SELU,SELU,58.0,6.67,60.0,33.33,0.0,Slight Delay (15-60 min),43.336
17057,Devagiri Express,MVO,MANWATH ROAD,54.0,3.33,70.0,26.67,0.0,Slight Delay (15-60 min),43.664
17057,Devagiri Express,PBN,PARBHANI JN,48.0,10.0,66.67,23.33,0.0,Slight Delay (15-60 min),48.001000000000005
17057,Devagiri Express,NED,H SAHIB NANDED,37.0,20.0,66.67,13.33,0.0,Slight Delay (15-60 min),56.001000000000005
17057,Devagiri Express,UMRI,UMRI,38.0,26.67,53.33,20.0,0.0,Slight Delay (15-60 min),57.335
17057,Devagiri Express,DAB,DHARMABAD,44.0,10.0,70.0,20.0,0.0,Slight Delay (15-60 min),49.0
17057,Devagiri Express,BSX,BASAR,51.0,6.67,66.67,26.67,0.0,Slight Delay (15-60 min),45.334
17057,Devagiri Express,NZB,NIZAMABAD,55.0,6.67,63.33,30.0,0.0,Slight Delay (15-60 min),44.335
17057,Devagiri Express,KMC,KAMAREDDI,57.0,13.33,50.0,36.67,0.0,Slight Delay (15-60 min),45.664
17057,Devagiri Express,AKE,AKANAPET,57.0,13.33,46.67,40.0,0.0,Slight Delay (15-60 min),44.665
17057,Devagiri Express,MZL,MIRZAPALI,60.0,13.33,43.33,43.33,0.01,Slight Delay (15-60 min),43.664
17057,Devagiri Express,BMO,BOLARUM,35.0,36.67,46.67,16.67,0.0,Slight Delay (15-60 min),63.334
17057,Devagiri Express,SC,SECUNDERABAD JN,52.0,36.67,46.67,16.67,0.0,Slight Delay (15-60 min),63.334
17057,Devagiri Express,BMT,BEGUMPET,36.0,70.0,13.33,16.67,0.0,Slight Delay (15-60 min),79.999
17057,Devagiri Express,LPI,LINGAMPALLI,42.0,76.67,10.0,13.33,0.0,Slight Delay (15-60 min),84.336
17058,Devagiri Express,LPI,LINGAMPALLI,2.0,96.67,3.33,0.0,0.0,On Time (0-15 min),98.33500000000001
17058,Devagiri Express,BMT,BEGUMPET,4.0,96.67,0.0,3.33,0.0,On Time (0-15 min),97.336
17058,Devagiri Express,BMO,BOLARUM,5.0,90.0,10.0,0.0,0.0,On Time (0-15 min),95.0
17058,Devagiri Express,MZL,MIRZAPALI,17.0,43.33,56.67,0.0,0.0,Slight Delay (15-60 min),71.66499999999999
17058,Devagiri Express,AKE,AKANAPET,21.0,33.33,66.67,0.0,0.0,Slight Delay (15-60 min),66.66499999999999
17058,Devagiri Express,KMC,KAMAREDDI,29.0,16.67,80.0,3.33,0.0,Slight Delay (15-60 min),57.336
17058,Devagiri Express,NZB,NIZAMABAD,42.0,13.33,70.0,16.67,0.0,Slight Delay (15-60 min),51.664
17058,Devagiri Express,BSX,BASAR,54.0,6.67,80.0,13.33,0.0,Slight Delay (15-60 min),49.336
17058,Devagiri Express,DAB,DHARMABAD,57.0,6.67,80.0,13.33,0.0,Slight Delay (15-60 min),49.336
17058,Devagiri Express,UMRI,UMRI,53.0,6.67,83.33,10.0,0.0,Slight Delay (15-60 min),50.335
17058,Devagiri Express,MUE,MUDKHED,29.0,73.33,16.67,10.0,0.0,Slight Delay (15-60 min),83.66499999999999
17058,Devagiri Express,NED,H SAHIB NANDED,29.0,66.67,23.33,10.0,0.0,Slight Delay (15-60 min),80.33500000000001
17058,Devagiri Express,PAU,PURNA JN,24.0,70.0,23.33,6.67,0.0,Slight Delay (15-60 min),82.999
17058,Devagiri Express,PBN,PARBHANI JN,30.0,80.0,10.0,10.0,0.0,Slight Delay (15-60 min),87.0
17058,Devagiri Express,MVO,MANWATH ROAD,36.0,70.0,20.0,10.0,0.0,Slight Delay (15-60 min),82.0
17058,Devagiri Express,SELU,SELU,35.0,60.0,30.0,10.0,0.0,Slight Delay (15-60 min),77.0
17058,Devagiri Express,PTU,PARTUR,46.0,33.33,56.67,10.0,0.0,Slight Delay (15-60 min),63.665
17058,Devagiri Express,AWB,AURANGABAD,49.0,20.0,70.0,10.0,0.0,Slight Delay (15-60 min),57.0
17058,Devagiri Express,LSR,LASUR,43.0,50.0,40.0,10.0,0.0,Slight Delay (15-60 min),72.0
17058,Devagiri Express,RGO,ROTEGAON,41.0,53.33,36.67,10.0,0.0,Slight Delay (15-60 min),73.66499999999999
17058,Devagiri Express,MMR,MANMAD JN,53.0,53.33,33.33,13.33,0.01,Slight Delay (15-60 min),72.664
17058,Devagiri Express,NK,NASIK ROAD,62.0,16.67,70.0,13.33,0.0,Significant Delay (60-200 min),54.336
17058,Devagiri Express,IGP,IGATPURI,39.0,83.33,3.33,13.33,0.01,Slight Delay (15-60 min),87.664
17058,Devagiri Express,KYN,KALYAN JN,53.0,46.67,40.0,13.33,0.0,Slight Delay (15-60 min),69.336
17058,Devagiri Express,TNA,THANE,62.0,10.0,76.67,13.33,0.0,Significant Delay (60-200 min),51.001000000000005
17058,Devagiri Express,DR,DADAR,61.0,20.0,66.67,13.33,0.0,Significant Delay (60-200 min),56.001000000000005
17058,Devagiri Express,CSMT,C SHIVAJI TERM MUMBAI,39.0,83.33,3.33,13.33,0.01,Slight Delay (15-60 min),87.664
22651,Palakkad Superfast,MAS,CHENNAI CENTRAL,3.0,96.67,3.33,0.0,0.0,On Time (0-15 min),98.33500000000001
22651,Palakkad Superfast,TRL,TIRUVALLUR,8.0,90.0,10.0,0.0,0.0,On Time (0-15 min),95.0
22651,Palakkad Superfast,AJJ,ARAKKONAM,15.0,66.67,33.33,0.0,0.0,On Time (0-15 min),83.33500000000001
22651,Palakkad Superfast,KPD,KATPADI JN,18.0,50.0,50.0,0.0,0.0,Slight Delay (15-60 min),75.0
22651,Palakkad Superfast,GYM,GUDIYATTAM,24.0,16.67,83.33,0.0,0.0,Slight Delay (15-60 min),58.335
22651,Palakkad Superfast,JTJ,JOLARPETTAI,12.0,73.33,26.67,0.0,0.0,On Time (0-15 min),86.66499999999999
22651,Palakkad Superfast,MAP,MORAPPUR,17.0,53.33,46.67,0.0,0.0,Slight Delay (15-60 min),76.66499999999999
22651,Palakkad Superfast,SA,SALEM JN,14.0,66.67,33.33,0.0,0.0,On Time (0-15 min),83.33500000000001
22651,Palakkad Superfast,RASP,RASIPURAM,14.0,70.0,30.0,0.0,0.0,On Time (0-15 min),85.0
22651,Palakkad Superfast,NMKL,NAMAKKAL,13.0,66.67,33.33,0.0,0.0,On Time (0-15 min),83.33500000000001
22651,Palakkad Superfast,MONR,MOHANUR,13.0,66.67,33.33,0.0,0.0,On Time (0-15 min),83.33500000000001
22651,Palakkad Superfast,KRR,KARUR,11.0,80.0,20.0,0.0,0.0,On Time (0-15 min),90.0
22651,Palakkad Superfast,DG,DINDIGUL JN,17.0,46.67,53.33,0.0,0.0,Slight Delay (15-60 min),73.33500000000001
22651,Palakkad Superfast,ODC,ODDANCHATRAM,14.0,63.33,36.67,0.0,0.0,On Time (0-15 min),81.66499999999999
22651,Palakkad Superfast,UDT,UDUMALAIPPETTAI,13.0,60.0,40.0,0.0,0.0,On Time (0-15 min),80.0
22651,Palakkad Superfast,POY,POLLACHI JN,8.0,80.0,20.0,0.0,0.0,On Time (0-15 min),90.0
22651,Palakkad Superfast,PGTN,PALGHAT TOWN,1.0,100.0,0.0,0.0,0.0,On Time (0-15 min),100.0
22652,Palakkad Superfast,PGT,PALAKKAD JN,1.0,100.0,0.0,0.0,0.0,On Time (0-15 min),100.0
22652,Palakkad Superfast,PGTN,PALGHAT TOWN,3.0,100.0,0.0,0.0,0.0,On Time (0-15 min),100.0
22652,Palakkad Superfast,POY,POLLACHI JN,1.0,100.0,0.0,0.0,0.0,On Time (0-15 min),100.0
22652,Palakkad Superfast,UDT,UDUMALAIPPETTAI,2.0,100.0,0.0,0.0,0.0,On Time (0-15 min),100.0
22652,Palakkad Superfast,PLNI,PALANI,7.0,96.67,3.33,0.0,0.0,On Time (0-15 min),98.33500000000001
22652,Palakkad Superfast,ODC,ODDANCHATRAM,11.0,73.33,26.67,0.0,0.0,On Time (0-15 min),86.66499999999999
22652,Palakkad Superfast,DG,DINDIGUL JN,5.0,96.67,3.33,0.0,0.0,On Time (0-15 min),98.33500000000001
22652,Palakkad Superfast,KRR,KARUR,7.0,83.33,16.67,0.0,0.0,On Time (0-15 min),91.66499999999999
22652,Palakkad Superfast,MONR,MOHANUR,11.0,70.0,30.0,0.0,0.0,On Time (0-15 min),85.0
22652,Palakkad Superfast,NMKL,NAMAKKAL,13.0,63.33,36.67,0.0,0.0,On Time (0-15 min),81.66499999999999
22652,Palakkad Superfast,RASP,RASIPURAM,13.0,63.33,36.67,0.0,0.0,On Time (0-15 min),81.66499999999999
22652,Palakkad Superfast,SA,SALEM JN,5.0,96.67,3.33,0.0,0.0,On Time (0-15 min),98.33500000000001
22652,Palakkad Superfast,MAP,MORAPPUR,6.0,86.67,13.33,0.0,0.0,On Time (0-15 min),93.33500000000001
22652,Palakkad Superfast,JTJ,JOLARPETTAI,3.0,96.67,3.33,0.0,0.0,On Time (0-15 min),98.33500000000001
22652,Palakkad Superfast,GYM,GUDIYATTAM,5.0,93.33,6.67,0.0,0.0,On Time (0-15 min),96.66499999999999
22652,Palakkad Superfast,KPD,KATPADI JN,7.0,83.33,16.67,0.0,0.0,On Time (0-15 min),91.66499999999999
22652,Palakkad Superfast,AJJ,ARAKKONAM,10.0,83.33,16.67,0.0,0.0,On Time (0-15 min),91.66499999999999
22652,Palakkad Superfast,TRL,TIRUVALLUR,12.0,66.67,33.33,0.0,0.0,On Time (0-15 min),83.33500000000001
22652,Palakkad Superfast,PER,PERAMBUR,18.0,46.67,53.33,0.0,0.0,Slight Delay (15-60 min),73.33500000000001
22652,Palakkad Superfast,MAS,CHENNAI CENTRAL,1.0,93.33,6.67,0.0,0.0,On Time (0-15 min),96.66499999999999
12839,Howrah Mail,HWH,HOWRAH JN,45.0,36.67,46.67,16.67,0.0,Slight Delay (15-60 min),63.334
12839,Howrah Mail,KGP,KHARAGPUR JN,68.0,10.0,50.0,40.0,0.0,Significant Delay (60-200 min),43.0
12839,Howrah Mail,BLS,BALASORE,87.0,0.0,46.67,53.33,0.0,Significant Delay (60-200 min),34.001
12839,Howrah Mail,BHC,BHADRAKH,81.0,16.67,40.0,43.33,0.0,Significant Delay (60-200 min),45.336
12839,Howrah Mail,JJKR,JAJPUR K ROAD,90.0,6.67,36.67,56.67,0.0,Significant Delay (60-200 min),36.334
12839,Howrah Mail,CTC,CUTTACK,104.0,0.0,26.67,73.33,0.0,Significant Delay (60-200 min),28.000999999999998
12839,Howrah Mail,BBS,BHUBANESWAR,111.0,0.0,26.67,73.33,0.0,Significant Delay (60-200 min),28.000999999999998
12839,Howrah Mail,KUR,KHURDA ROAD JN,104.0,3.33,23.33,73.33,0.01,Significant Delay (60-200 min),29.664
12839,Howrah Mail,CAP,CHATRAPUR,119.0,0.0,20.0,80.0,0.0,Significant Delay (60-200 min),26.0
12839,Howrah Mail,IPM,ICHCHPURAM,135.0,0.0,13.33,86.67,0.0,Significant Delay (60-200 min),23.999
12839,Howrah Mail,SPT,SOMPETA,135.0,0.0,13.33,86.67,0.0,Significant Delay (60-200 min),23.999
12839,Howrah Mail,PSA,PALASA,104.0,6.67,33.33,60.0,0.0,Significant Delay (60-200 min),35.335
12839,Howrah Mail,NWP,NAUPADA JN,99.0,6.67,33.33,60.0,0.0,Significant Delay (60-200 min),35.335
12839,Howrah Mail,CHE,SRIKAKULAM ROAD,98.0,10.0,33.33,56.67,0.0,Significant Delay (60-200 min),37.998999999999995
12839,Howrah Mail,CPP,CHIPURUPALLE,106.0,6.67,26.67,66.67,0.0,Significant Delay (60-200 min),33.334
12839,Howrah Mail,VSKP,VISAKHAPATNAM,103.0,13.33,30.0,56.67,0.0,Significant Delay (60-200 min),39.664
12839,Howrah Mail,AKP,ANAKAPALLE,106.0,10.0,30.0,60.0,0.0,Significant Delay (60-200 min),37.0
12839,Howrah Mail,TUNI,TUNI,112.0,3.33,33.33,63.33,0.01,Significant Delay (60-200 min),32.664
12839,Howrah Mail,ANV,ANNAVARAM,114.0,0.0,33.33,66.67,0.0,Significant Delay (60-200 min),29.999
12839,Howrah Mail,SLO,SAMALKOT JN,132.0,0.0,13.33,86.67,0.0,Significant Delay (60-200 min),23.999
12839,Howrah Mail,RJY,RAJAMUNDRY,140.0,0.0,13.33,86.67,0.0,Significant Delay (60-200 min),23.999
12839,Howrah Mail,NDD,NIDADAVOLU JN,145.0,0.0,13.33,86.67,0.0,Significant Delay (60-200 min),23.999
12839,Howrah Mail,TEL,TENALI JN,127.0,0.0,26.67,73.33,0.0,Significant Delay (60-200 min),28.000999999999998
12839,Howrah Mail,BPP,BAPATLA,133.0,0.0,20.0,80.0,0.0,Significant Delay (60-200 min),26.0
12839,Howrah Mail,CLX,CHIRALA,133.0,0.0,20.0,80.0,0.0,Significant Delay (60-200 min),26.0
12839,Howrah Mail,OGL,ONGOLE,127.0,0.0,26.67,73.33,0.0,Significant Delay (60-200 min),28.000999999999998
12839,Howrah Mail,NLR,NELLORE,113.0,13.33,23.33,63.33,0.01,Significant Delay (60-200 min),37.664
12839,Howrah Mail,GDR,GUDUR JN,90.0,30.0,26.67,43.33,0.0,Significant Delay (60-200 min),52.001000000000005
12839,Howrah Mail,MAS,CHENNAI CENTRAL,73.0,40.0,13.33,46.67,0.0,Significant Delay (60-200 min),55.998999999999995
12840,Howrah Mail,MAS,CHENNAI CENTRAL,56.0,61.92,11.51,26.3,0.27,Slight Delay (15-60 min),73.016
12840,Howrah Mail,GDR,GUDUR JN,73.0,33.97,33.97,31.78,0.28,Significant Delay (60-200 min),57.394999999999996
12840,Howrah Mail,NLR,NELLORE,81.0,14.79,52.05,32.88,0.28,Significant Delay (60-200 min),47.475
12840,Howrah Mail,OGL,ONGOLE,82.0,17.53,48.22,33.97,0.28,Significant Delay (60-200 min),48.518
12840,Howrah Mail,CLX,CHIRALA,84.0,17.53,47.95,34.25,0.27,Significant Delay (60-200 min),48.436
12840,Howrah Mail,BPP,BAPATLA,85.0,18.08,45.48,36.16,0.28,Significant Delay (60-200 min),48.136
12840,Howrah Mail,BZA,VIJAYAWADA JN,84.0,23.84,39.73,36.16,0.27,Significant Delay (60-200 min),51.018
12840,Howrah Mail,EE,ELURU,94.0,16.44,38.36,44.93,0.27,Significant Delay (60-200 min),44.687
12840,Howrah Mail,TDD,TADEPALLIGUDEM,99.0,14.79,36.16,48.77,0.28,Significant Delay (60-200 min),42.708
12840,Howrah Mail,NDD,NIDADAVOLU JN,103.0,13.97,30.68,55.07,0.28,Significant Delay (60-200 min),40.408
12840,Howrah Mail,RJY,RAJAMUNDRY,122.0,8.22,20.82,70.68,0.28,Significant Delay (60-200 min),32.85
12840,Howrah Mail,SLO,SAMALKOT JN,121.0,16.44,10.14,73.15,0.27,Significant Delay (60-200 min),36.221000000000004
12840,Howrah Mail,ANV,ANNAVARAM,124.0,13.97,12.05,73.7,0.28,Significant Delay (60-200 min),34.819
12840,Howrah Mail,TUNI,TUNI,124.0,14.25,11.78,73.7,0.27,Significant Delay (60-200 min),34.961
12840,Howrah Mail,AKP,ANAKAPALLE,128.0,14.25,9.32,76.16,0.27,Significant Delay (60-200 min),34.223
12840,Howrah Mail,VSKP,VISAKHAPATNAM,79.0,40.55,23.01,36.16,0.28,Significant Delay (60-200 min),59.371
12840,Howrah Mail,VZM,VIZIANAGRAM JN,89.0,21.64,39.73,38.36,0.27,Significant Delay (60-200 min),49.258
12840,Howrah Mail,CPP,CHIPURUPALLE,91.0,17.81,42.47,39.45,0.27,Significant Delay (60-200 min),47.016000000000005
12840,Howrah Mail,CHE,SRIKAKULAM ROAD,91.0,20.27,40.55,38.9,0.28,Significant Delay (60-200 min),48.409
12840,Howrah Mail,NWP,NAUPADA JN,96.0,15.62,42.74,41.37,0.27,Significant Delay (60-200 min),45.345
12840,Howrah Mail,PSA,PALASA,77.0,47.4,17.26,35.07,0.27,Significant Delay (60-200 min),63.125
12840,Howrah Mail,SPT,SOMPETA,83.0,41.64,21.37,36.71,0.28,Significant Delay (60-200 min),59.751000000000005
12840,Howrah Mail,IPM,ICHCHPURAM,88.0,31.23,30.68,37.81,0.28,Significant Delay (60-200 min),54.216
12840,Howrah Mail,BAM,BRAHMAPUR,99.0,7.12,52.6,40.0,0.28,Significant Delay (60-200 min),41.504000000000005
12840,Howrah Mail,CAP,CHATRAPUR,103.0,2.47,54.52,42.74,0.27,Significant Delay (60-200 min),38.358999999999995
12840,Howrah Mail,BALU,BALUGAN,108.0,2.19,53.15,44.38,0.28,Significant Delay (60-200 min),37.725
12840,Howrah Mail,KUR,KHURDA ROAD JN,117.0,4.66,43.01,52.05,0.28,Significant Delay (60-200 min),36.659000000000006
12840,Howrah Mail,BBS,BHUBANESWAR,121.0,3.84,40.82,55.07,0.27,Significant Delay (60-200 min),35.345
12840,Howrah Mail,CTC,CUTTACK,124.0,4.93,36.99,57.26,0.82,Significant Delay (60-200 min),35.123000000000005
12840,Howrah Mail,JJKR,JAJPUR K ROAD,127.0,3.84,37.26,58.63,0.27,Significant Delay (60-200 min),34.277
12840,Howrah Mail,BHC,BHADRAKH,87.0,41.64,17.26,40.82,0.28,Significant Delay (60-200 min),58.518
12840,Howrah Mail,BLS,BALASORE,101.0,23.84,29.32,46.58,0.26,Significant Delay (60-200 min),47.894
12840,Howrah Mail,KGP,KHARAGPUR JN,123.0,10.14,30.96,58.63,0.27,Significant Delay (60-200 min),37.42700000000001
12840,Howrah Mail,SRC,SANTRAGACHI JN,158.0,6.3,13.42,80.0,0.28,Significant Delay (60-200 min),29.094
12840,Howrah Mail,HWH,HOWRAH JN,129.0,18.63,10.68,69.59,1.1,Significant Delay (60-200 min),38.218
12163,Chennai Express,LTT,LOKMANYATILAK T,12.0,89.32,7.4,3.29,0.0,On Time (0-15 min),93.673
12163,Chennai Express,TNA,THANE,11.0,90.14,6.85,3.01,0.0,On Time (0-15 min),94.167
12163,Chennai Express,KYN,KALYAN JN,24.0,42.74,53.15,4.11,0.0,Slight Delay (15-60 min),70.137
12163,Chennai Express,LNL,LONAVALA,35.0,3.01,86.3,5.21,5.48,Slight Delay (15-60 min),48.846000000000004
12163,Chennai Express,PUNE,PUNE JN,38.0,3.56,87.67,8.77,0.0,Slight Delay (15-60 min),49.149
12163,Chennai Express,SUR,SOLAPUR JN,31.0,32.88,58.63,8.49,0.0,Slight Delay (15-60 min),63.893
12163,Chennai Express,WADI,WADI,18.0,71.51,22.19,6.3,0.0,Slight Delay (15-60 min),83.86500000000001
12163,Chennai Express,YG,YADGIR,23.0,59.18,33.97,6.85,0.0,Slight Delay (15-60 min),77.535
12163,Chennai Express,SADP,SAIDAPUR,24.0,55.62,37.81,6.58,0.0,Slight Delay (15-60 min),75.836
12163,Chennai Express,MALM,MANTHRALAYAM RD,30.0,39.73,52.05,8.22,0.0,Slight Delay (15-60 min),67.399
12163,Chennai Express,AD,ADONI,27.0,45.48,47.12,7.4,0.0,Slight Delay (15-60 min),70.52
12163,Chennai Express,GTL,GUNTAKAL JN,24.0,53.97,37.26,8.77,0.0,Slight Delay (15-60 min),74.354
12163,Chennai Express,GY,GOOTY JN,25.0,56.99,34.79,8.22,0.0,Slight Delay (15-60 min),76.029
12163,Chennai Express,TU,TADIPATRI,23.0,59.18,33.7,7.12,0.0,Slight Delay (15-60 min),77.454
12163,Chennai Express,YA,YERRAGUNTLA,24.0,54.25,38.63,7.12,0.0,Slight Delay (15-60 min),74.989
12163,Chennai Express,HX,CUDDAPAH,22.0,60.0,33.15,6.85,0.0,Slight Delay (15-60 min),77.945
12163,Chennai Express,RJP,RAZAMPETA,28.0,45.21,47.12,7.67,0.0,Slight Delay (15-60 min),70.304
12163,Chennai Express,KOU,KODURU,45.0,0.0,3.01,0.0,96.99,Slight Delay (15-60 min),30.602
12163,Chennai Express,RU,RENIGUNTA JN,18.0,73.97,20.27,5.75,0.01,Slight Delay (15-60 min),85.258
12163,Chennai Express,PUT,PUTTUR,19.0,70.14,24.11,5.75,0.0,Slight Delay (15-60 min),83.345
12163,Chennai Express,TRT,TIRUTTANI,18.0,69.86,24.11,6.03,0.0,Slight Delay (15-60 min),83.121
12163,Chennai Express,AJJ,ARAKKONAM,33.0,26.58,66.3,7.12,0.0,Slight Delay (15-60 min),61.153999999999996
12163,Chennai Express,PER,PERAMBUR,44.0,17.81,67.12,14.52,0.55,Slight Delay (15-60 min),54.439
12163,Chennai Express,MAS,CHENNAI CENTRAL,6.0,89.59,4.93,4.93,0.55,On Time (0-15 min),93.206
12164,Chennai Express,MAS,CHENNAI CENTRAL,1.0,100.0,0.0,0.0,0.0,On Time (0-15 min),100.0
12164,Chennai Express,AJJ,ARAKKONAM,13.0,73.33,26.67,0.0,0.0,On Time (0-15 min),86.66499999999999
12164,Chennai Express,TRT,TIRUTTANI,12.0,76.67,23.33,0.0,0.0,On Time (0-15 min),88.33500000000001
12164,Chennai Express,PUT,PUTTUR,19.0,36.67,63.33,0.0,0.0,Slight Delay (15-60 min),68.33500000000001
12164,Chennai Express,RU,RENIGUNTA JN,23.0,26.67,73.33,0.0,0.0,Slight Delay (15-60 min),63.335
12164,Chennai Express,KOU,KODURU,26.0,26.67,73.33,0.0,0.0,Slight Delay (15-60 min),63.335
12164,Chennai Express,RJP,RAZAMPETA,34.0,0.0,100.0,0.0,0.0,Slight Delay (15-60 min),50.0
12164,Chennai Express,YA,YERRAGUNTLA,32.0,16.67,83.33,0.0,0.0,Slight Delay (15-60 min),58.335
12164,Chennai Express,TU,TADIPATRI,30.0,13.33,86.67,0.0,0.0,Slight Delay (15-60 min),56.665
12164,Chennai Express,GY,GOOTY JN,27.0,16.67,83.33,0.0,0.0,Slight Delay (15-60 min),58.335
12164,Chennai Express,GTL,GUNTAKAL JN,40.0,0.0,93.33,6.67,0.0,Slight Delay (15-60 min),47.998999999999995
12164,Chennai Express,AD,ADONI,39.0,0.0,90.0,10.0,0.0,Slight Delay (15-60 min),47.0
12164,Chennai Express,RC,RAICHUR,31.0,10.0,83.33,6.67,0.0,Slight Delay (15-60 min),52.998999999999995
12164,Chennai Express,SADP,SAIDAPUR,25.0,33.33,63.33,3.33,0.01,Slight Delay (15-60 min),65.664
12164,Chennai Express,YG,YADGIR,25.0,40.0,53.33,6.67,0.0,Slight Delay (15-60 min),67.999
12164,Chennai Express,WADI,WADI,8.0,90.0,6.67,3.33,0.0,On Time (0-15 min),94.001
12164,Chennai Express,KLBG,KALABURAGI JN,6.0,93.33,6.67,0.0,0.0,On Time (0-15 min),96.66499999999999
12164,Chennai Express,SUR,SOLAPUR JN,20.0,43.33,53.33,3.33,0.01,Slight Delay (15-60 min),70.664
12164,Chennai Express,LNL,LONAVALA,34.0,10.0,73.33,16.67,0.0,Slight Delay (15-60 min),49.998999999999995
12164,Chennai Express,KYN,KALYAN JN,51.0,0.0,80.0,20.0,0.0,Slight Delay (15-60 min),44.0
12164,Chennai Express,TNA,THANE,54.0,0.0,76.67,23.33,0.0,Slight Delay (15-60 min),43.001000000000005
12164,Chennai Express,LTT,LOKMANYATILAK T,9.0,80.0,16.67,3.33,0.0,On Time (0-15 min),89.001
12679,Coimbatore Intercity,MAS,CHENNAI CENTRAL,2.0,100.0,0.0,0.0,0.0,On Time (0-15 min),100.0
12679,Coimbatore Intercity,AJJ,ARAKKONAM,16.0,60.0,40.0,0.0,0.0,Slight Delay (15-60 min),80.0
12679,Coimbatore Intercity,KPD,KATPADI JN,20.0,16.67,83.33,0.0,0.0,Slight Delay (15-60 min),58.335
12679,Coimbatore Intercity,AB,AMBUR,26.0,6.67,93.33,0.0,0.0,Slight Delay (15-60 min),53.335
12679,Coimbatore Intercity,JTJ,JOLARPETTAI,15.0,63.33,36.67,0.0,0.0,On Time (0-15 min),81.66499999999999
12679,Coimbatore Intercity,SLY,SAMALPATTI,24.0,33.33,63.33,3.33,0.01,Slight Delay (15-60 min),65.664
12679,Coimbatore Intercity,MAP,MORAPPUR,28.0,16.67,76.67,6.67,0.0,Slight Delay (15-60 min),56.334
12679,Coimbatore Intercity,BQI,BOMMIDI,29.0,16.67,76.67,6.67,0.0,Slight Delay (15-60 min),56.334
12679,Coimbatore Intercity,SA,SALEM JN,22.0,36.67,56.67,6.67,0.0,Slight Delay (15-60 min),66.334
12679,Coimbatore Intercity,ED,ERODE JN,23.0,26.67,66.67,6.67,0.0,Slight Delay (15-60 min),61.334
12679,Coimbatore Intercity,TUP,TIRUPPUR,28.0,23.33,66.67,10.0,0.0,Slight Delay (15-60 min),58.665
12679,Coimbatore Intercity,CBF,COIMBATORE NRTH,28.0,16.67,76.67,6.67,0.0,Slight Delay (15-60 min),56.334
12679,Coimbatore Intercity,CBE,COIMBATORE JN,1.0,90.0,10.0,0.0,0.0,On Time (0-15 min),95.0
12680,Coimbatore Intercity,CBE,COIMBATORE JN,1.0,100.0,0.0,0.0,0.0,On Time (0-15 min),100.0
12680,Coimbatore Intercity,TUP,TIRUPPUR,3.0,100.0,0.0,0.0,0.0,On Time (0-15 min),100.0
12680,Coimbatore Intercity,ED,ERODE JN,6.0,96.67,3.33,0.0,0.0,On Time (0-15 min),98.33500000000001
12680,Coimbatore Intercity,SA,SALEM JN,7.0,86.67,13.33,0.0,0.0,On Time (0-15 min),93.33500000000001
12680,Coimbatore Intercity,BQI,BOMMIDI,5.0,93.33,6.67,0.0,0.0,On Time (0-15 min),96.66499999999999
12680,Coimbatore Intercity,MAP,MORAPPUR,4.0,93.33,6.67,0.0,0.0,On Time (0-15 min),96.66499999999999
12680,Coimbatore Intercity,SLY,SAMALPATTI,6.0,93.33,6.67,0.0,0.0,On Time (0-15 min),96.66499999999999
12680,Coimbatore Intercity,JTJ,JOLARPETTAI,4.0,93.33,6.67,0.0,0.0,On Time (0-15 min),96.66499999999999
12680,Coimbatore Intercity,AB,AMBUR,7.0,90.0,10.0,0.0,0.0,On Time (0-15 min),95.0
12680,Coimbatore Intercity,KPD,KATPADI JN,6.0,93.33,6.67,0.0,0.0,On Time (0-15 min),96.66499999999999
12680,Coimbatore Intercity,AJJ,ARAKKONAM,6.0,96.67,3.33,0.0,0.0,On Time (0-15 min),98.33500000000001
12680,Coimbatore Intercity,PER,PERAMBUR,12.0,76.67,23.33,0.0,0.0,On Time (0-15 min),88.33500000000001
12680,Coimbatore Intercity,MAS,CHENNAI CENTRAL,2.0,100.0,0.0,0.0,0.0,On Time (0-15 min),100.0
12925,Paschim Express,BDTS,BANDRA TERMINUS,1.0,22.74,0.0,0.0,77.26,On Time (0-15 min),45.918
12925,Paschim Express,MMCT,MUMBAI CENTRAL,4.0,74.79,2.47,0.0,22.74,On Time (0-15 min),82.84700000000001
12925,Paschim Express,BVI,BORIVALI,16.0,56.99,43.01,0.0,0.0,Slight Delay (15-60 min),78.495
12925,Paschim Express,DRD,DAHANU ROAD,19.0,44.11,55.07,0.82,0.0,Slight Delay (15-60 min),71.809
12925,Paschim Express,VAPI,VAPI,24.0,29.59,68.77,1.64,0.0,Slight Delay (15-60 min),64.303
12925,Paschim Express,BL,VALSAD,30.0,14.52,82.19,3.29,0.0,Slight Delay (15-60 min),56.272999999999996
12925,Paschim Express,ST,SURAT,10.0,89.04,9.59,1.37,0.0,On Time (0-15 min),94.10900000000001
12925,Paschim Express,BH,BHARUCH JN,15.0,68.22,29.59,2.19,0.0,On Time (0-15 min),83.453
12925,Paschim Express,MGN,MEGHNAGAR,12.0,80.55,17.53,1.92,0.0,On Time (0-15 min),89.699
12925,Paschim Express,RTM,RATLAM JN,13.0,80.27,17.81,1.92,0.0,On Time (0-15 min),89.559
12925,Paschim Express,KUH,KHACHROD,13.0,73.97,24.38,1.37,0.28,On Time (0-15 min),86.518
12925,Paschim Express,NAD,NAGDA JN,7.0,96.99,1.64,1.37,0.0,On Time (0-15 min),98.084
12925,Paschim Express,RMA,RAMGANJ MANDI,10.0,92.05,6.03,1.92,0.0,On Time (0-15 min),95.449
12925,Paschim Express,KOTA,KOTA JN,11.0,85.48,12.05,2.47,0.0,On Time (0-15 min),91.999
12925,Paschim Express,SWM,SAWAI MADHOPUR,22.0,50.96,44.38,4.66,0.0,Slight Delay (15-60 min),74.082
12925,Paschim Express,GGC,GANGAPUR CITY,13.0,81.64,14.79,3.56,0.01,On Time (0-15 min),89.75
12925,Paschim Express,HAN,HINDAUN CITY,17.0,70.41,25.48,4.11,0.0,Slight Delay (15-60 min),83.972
12925,Paschim Express,BXN,BAYANA JN,18.0,68.49,27.4,4.11,0.0,Slight Delay (15-60 min),83.012
12925,Paschim Express,BTE,BHARATPUR JN,19.0,55.89,41.37,2.74,0.0,Slight Delay (15-60 min),77.123
12925,Paschim Express,MTJ,MATHURA JN,10.0,90.96,7.67,1.37,0.0,On Time (0-15 min),95.06899999999999
12925,Paschim Express,NZM,H NIZAMUDDIN,17.0,64.38,32.88,2.74,0.0,Slight Delay (15-60 min),81.368
12925,Paschim Express,NDLS,NEW DELHI,13.0,80.0,16.99,3.01,0.0,On Time (0-15 min),89.097
12925,Paschim Express,SNP,SONIPAT JN,21.0,53.97,43.01,3.01,0.01,Slight Delay (15-60 min),76.08
12925,Paschim Express,BDMJ,BHODWAL MAJRI,35.0,2.19,6.03,0.55,91.23,Slight Delay (15-60 min),32.684
12925,Paschim Express,PNP,PANIPAT JN,27.0,39.45,55.34,5.21,0.0,Slight Delay (15-60 min),68.162
12925,Paschim Express,KUN,KARNAL,33.0,24.66,67.4,7.95,0.0,Slight Delay (15-60 min),59.945
12925,Paschim Express,KKDE,KURUKSHETRA JN,38.0,10.96,79.45,9.59,0.0,Slight Delay (15-60 min),52.602999999999994
12925,Paschim Express,UMB,AMBALA CANT JN,13.0,83.56,13.15,3.29,0.0,On Time (0-15 min),90.793
12925,Paschim Express,CDG,CHANDIGARH,15.0,75.07,21.37,3.56,0.0,On Time (0-15 min),86.467
12925,Paschim Express,SASN,SAHIBZADA ASNGR,22.0,49.59,46.3,4.11,0.0,Slight Delay (15-60 min),73.562
12925,Paschim Express,LDH,LUDHIANA JN,14.0,84.66,11.23,4.11,0.0,On Time (0-15 min),91.097
12925,Paschim Express,PGW,PHAGWARA JN,19.0,71.23,21.92,6.85,0.0,Slight Delay (15-60 min),83.56
12925,Paschim Express,JRC,JALANDHAR CANT,20.0,65.21,27.95,6.85,0.0,Slight Delay (15-60 min),80.55
12925,Paschim Express,JUC,JALANDHAR CITY,19.0,68.49,25.21,6.3,0.0,Slight Delay (15-60 min),82.35499999999999
12925,Paschim Express,BEAS,BEAS,19.0,70.68,21.64,7.67,0.01,Slight Delay (15-60 min),83.037
12925,Paschim Express,ASR,AMRITSAR JN,16.0,78.9,13.42,7.67,0.01,Slight Delay (15-60 min),87.147
12926,Paschim Express,ASR,AMRITSAR JN,9.0,94.79,3.29,1.92,0.0,On Time (0-15 min),96.819
12926,Paschim Express,BEAS,BEAS,22.0,51.78,46.3,1.92,0.0,Slight Delay (15-60 min),75.314
12926,Paschim Express,JUC,JALANDHAR CITY,17.0,71.23,26.03,2.74,0.0,Slight Delay (15-60 min),84.793
12926,Paschim Express,JRC,JALANDHAR CANT,20.0,60.27,36.71,3.01,0.01,Slight Delay (15-60 min),79.23
12926,Paschim Express,LDH,LUDHIANA JN,22.0,55.89,39.73,4.38,0.0,Slight Delay (15-60 min),76.631
12926,Paschim Express,SASN,SAHIBZADA ASNGR,12.0,91.78,5.75,2.47,0.0,On Time (0-15 min),95.149
12926,Paschim Express,CDG,CHANDIGARH,11.0,94.79,2.19,3.01,0.01,On Time (0-15 min),96.49000000000001
12926,Paschim Express,UMB,AMBALA CANT JN,11.0,92.33,4.38,3.29,0.0,On Time (0-15 min),95.178
12926,Paschim Express,KKDE,KURUKSHETRA JN,20.0,71.78,24.38,3.84,0.0,Slight Delay (15-60 min),84.738
12926,Paschim Express,KUN,KARNAL,22.0,60.82,35.34,3.56,0.28,Slight Delay (15-60 min),79.286
12926,Paschim Express,PNP,PANIPAT JN,25.0,50.41,45.48,4.11,0.0,Slight Delay (15-60 min),73.972
12926,Paschim Express,BDMJ,BHODWAL MAJRI,19.0,4.11,4.38,0.27,91.24,Slight Delay (15-60 min),33.726
12926,Paschim Express,SNP,SONIPAT JN,28.0,41.92,53.42,4.66,0.0,Slight Delay (15-60 min),69.562
12926,Paschim Express,SZM,SUBZI MANDI,34.0,23.01,70.96,6.03,0.0,Slight Delay (15-60 min),59.696
12926,Paschim Express,NDLS,NEW DELHI,21.0,66.58,28.49,4.93,0.0,Slight Delay (15-60 min),81.81099999999999
12926,Paschim Express,FDB,FARIDABAD,48.0,6.85,84.38,8.77,0.0,Slight Delay (15-60 min),50.794
12926,Paschim Express,MTJ,MATHURA JN,18.0,84.11,10.68,5.21,0.0,Slight Delay (15-60 min),90.492
12926,Paschim Express,BXN,BAYANA JN,18.0,83.29,11.23,5.48,0.0,Slight Delay (15-60 min),90.001
12926,Paschim Express,SMVJ,SHRI MAHAVEERJI,14.0,1.64,0.55,0.0,97.81,On Time (0-15 min),31.258
12926,Paschim Express,GGC,GANGAPUR CITY,22.0,72.05,21.64,6.3,0.01,Slight Delay (15-60 min),84.133
12926,Paschim Express,SWM,SAWAI MADHOPUR,24.0,61.64,31.51,6.85,0.0,Slight Delay (15-60 min),78.765
12926,Paschim Express,KOTA,KOTA JN,29.0,53.7,36.71,9.59,0.0,Slight Delay (15-60 min),73.973
12926,Paschim Express,RMA,RAMGANJ MANDI,29.0,51.51,39.45,9.04,0.0,Slight Delay (15-60 min),73.043
12926,Paschim Express,SGZ,SHAMGARH,26.0,56.71,36.16,7.12,0.01,Slight Delay (15-60 min),76.217
12926,Paschim Express,NAD,NAGDA JN,13.0,93.7,2.74,3.56,0.0,On Time (0-15 min),95.782
12926,Paschim Express,KUH,KHACHROD,17.0,89.04,7.4,3.56,0.0,Slight Delay (15-60 min),93.452
12926,Paschim Express,RTM,RATLAM JN,15.0,88.77,7.4,3.84,0.0,On Time (0-15 min),93.233
12926,Paschim Express,MGN,MEGHNAGAR,18.0,83.84,12.05,4.11,0.0,Slight Delay (15-60 min),90.687
12926,Paschim Express,DHD,DAHOD,18.0,81.37,14.52,4.11,0.0,Slight Delay (15-60 min),89.452
12926,Paschim Express,GDA,GODHRA JN,14.0,93.42,3.29,3.29,0.0,On Time (0-15 min),95.723
12926,Paschim Express,BH,BHARUCH JN,18.0,82.19,14.25,3.56,0.0,Slight Delay (15-60 min),90.027
12926,Paschim Express,ST,SURAT,15.0,86.58,9.32,4.11,0.0,On Time (0-15 min),92.057
12926,Paschim Express,NVS,NAVSARI,17.0,81.64,13.7,4.66,0.0,Slight Delay (15-60 min),89.422
12926,Paschim Express,BL,VALSAD,25.0,49.59,44.66,5.75,0.0,Slight Delay (15-60 min),73.07
12926,Paschim Express,VAPI,VAPI,24.0,58.36,34.52,7.12,0.0,Slight Delay (15-60 min),77.044
12926,Paschim Express,DRD,DAHANU ROAD,28.0,47.95,43.84,8.22,0.0,Slight Delay (15-60 min),71.509
12926,Paschim Express,BVI,BORIVALI,29.0,40.55,51.23,8.22,0.0,Slight Delay (15-60 min),67.809
12926,Paschim Express,BDTS,BANDRA TERMINUS,5.0,20.55,0.55,1.1,77.8,On Time (0-15 min),44.385
12926,Paschim Express,MMCT,MUMBAI CENTRAL,16.0,63.56,7.12,6.03,23.29,Slight Delay (15-60 min),75.313
12137,Punjab Mail,CSMT,C SHIVAJI TERM MUMBAI,12.0,96.16,0.82,3.01,0.01,On Time (0-15 min),97.175
12137,Punjab Mail,DR,DADAR,17.0,94.52,2.47,3.01,0.0,Slight Delay (15-60 min),96.357
12137,Punjab Mail,KYN,KALYAN JN,29.0,22.19,73.97,3.56,0.28,Slight Delay (15-60 min),59.971000000000004
12137,Punjab Mail,KSRA,KASARA,27.0,39.73,55.89,3.84,0.54,Slight Delay (15-60 min),68.60499999999999
12137,Punjab Mail,MMR,MANMAD JN,33.0,28.49,66.03,5.21,0.27,Slight Delay (15-60 min),62.628
12137,Punjab Mail,CSN,CHALISGAON JN,40.0,12.6,81.1,6.03,0.27,Slight Delay (15-60 min),54.437
12137,Punjab Mail,JL,JALGAON JN,40.0,16.71,76.44,6.85,0.0,Slight Delay (15-60 min),56.3
12137,Punjab Mail,BSL,BHUSAVAL JN,35.0,29.04,64.38,6.58,0.0,Slight Delay (15-60 min),62.546
12137,Punjab Mail,BAU,BURHANPUR,35.0,26.3,67.12,6.58,0.0,Slight Delay (15-60 min),61.176
12137,Punjab Mail,KNW,KHANDWA,16.0,89.32,6.85,3.84,0.0,Slight Delay (15-60 min),93.508
12137,Punjab Mail,KKN,KHIRKIYA,20.0,74.25,21.37,4.38,0.0,Slight Delay (15-60 min),85.811
12137,Punjab Mail,HD,HARDA,28.0,44.93,49.32,5.75,0.0,Slight Delay (15-60 min),70.74
12137,Punjab Mail,BPF,BANAPURA,37.0,12.6,80.27,7.12,0.01,Slight Delay (15-60 min),54.16199999999999
12137,Punjab Mail,ET,ITARSI JN,16.0,86.03,9.32,4.66,0.0,Slight Delay (15-60 min),91.617
12137,Punjab Mail,NDPM,NARMADAPURAM,19.0,78.9,16.44,4.66,0.0,Slight Delay (15-60 min),88.052
12137,Punjab Mail,RKMP,RANI KAMLAPATI,19.0,74.25,21.1,4.66,0.0,Slight Delay (15-60 min),85.727
12137,Punjab Mail,BPL,BHOPAL JN,26.0,53.15,42.19,4.66,0.0,Slight Delay (15-60 min),75.17699999999999
12137,Punjab Mail,BHS,VIDISHA,37.0,17.81,73.7,8.49,0.0,Slight Delay (15-60 min),56.358
12137,Punjab Mail,BAQ,GANJ BASODA,42.0,7.12,83.01,9.86,0.01,Slight Delay (15-60 min),50.599999999999994
12137,Punjab Mail,BINA,BINA JN,18.0,80.82,12.05,7.12,0.01,Slight Delay (15-60 min),88.272
12137,Punjab Mail,LAR,LALITPUR,28.0,53.15,38.63,8.22,0.0,Slight Delay (15-60 min),74.109
12137,Punjab Mail,BAB,BABINA,35.0,38.08,52.88,9.04,0.0,Slight Delay (15-60 min),66.328
12137,Punjab Mail,VGLJ,V LAKSHMIBAI JHANSI,30.0,55.07,36.99,7.95,0.0,Slight Delay (15-60 min),75.15
12137,Punjab Mail,DAA,DATIA,35.0,40.27,49.59,10.14,0.0,Slight Delay (15-60 min),67.093
12137,Punjab Mail,GWL,GWALIOR,55.0,5.75,79.45,14.79,0.01,Slight Delay (15-60 min),48.43600000000001
12137,Punjab Mail,MRA,MORENA,56.0,1.1,81.64,17.26,0.0,Slight Delay (15-60 min),45.372
12137,Punjab Mail,DHO,DHAULPUR,21.0,79.45,12.05,8.49,0.01,Slight Delay (15-60 min),87.176
12137,Punjab Mail,AGC,AGRA CANTT,26.0,69.04,21.64,9.32,0.0,Slight Delay (15-60 min),81.724
12137,Punjab Mail,RKM,RAJA KI MANDI,28.0,64.11,26.3,9.59,0.0,Slight Delay (15-60 min),79.178
12137,Punjab Mail,MTJ,MATHURA JN,41.0,21.37,65.75,12.88,0.0,Slight Delay (15-60 min),56.821
12137,Punjab Mail,KSV,KOSI KALAN,48.0,4.93,81.1,13.97,0.0,Slight Delay (15-60 min),48.274
12137,Punjab Mail,FDB,FARIDABAD,26.0,75.89,14.52,9.59,0.0,Slight Delay (15-60 min),85.068
12137,Punjab Mail,NZM,H NIZAMUDDIN,36.0,50.41,38.36,11.23,0.0,Slight Delay (15-60 min),71.836
12137,Punjab Mail,NDLS,NEW DELHI,43.0,35.07,51.51,13.42,0.0,Slight Delay (15-60 min),63.509
12137,Punjab Mail,DKZ,DELHI KISHANGNJ,49.0,21.64,62.19,16.16,0.01,Slight Delay (15-60 min),55.97
12137,Punjab Mail,SSB,SHAKURBASTI,55.0,14.52,62.74,22.74,0.0,Slight Delay (15-60 min),50.438
12137,Punjab Mail,BGZ,BAHADURGARH,61.0,4.93,67.95,27.12,0.0,Significant Delay (60-200 min),44.32899999999999
12137,Punjab Mail,ROK,ROHTAK JN,64.0,3.84,66.03,30.14,0.0,Significant Delay (60-200 min),42.878
12137,Punjab Mail,JIND,JIND JN,64.0,7.67,62.19,30.14,0.0,Significant Delay (60-200 min),44.793
12137,Punjab Mail,NRW,NARWANA JN,65.0,7.12,60.82,32.05,0.01,Significant Delay (60-200 min),43.943
12137,Punjab Mail,JHL,JAKHAL JN,62.0,13.42,55.07,31.51,0.0,Significant Delay (60-200 min),47.257
12137,Punjab Mail,BRZ,BARETA,64.0,10.41,56.16,33.42,0.01,Significant Delay (60-200 min),45.17700000000001
12137,Punjab Mail,MSZ,MANSA,68.0,7.95,55.62,36.44,0.0,Significant Delay (60-200 min),43.043000000000006
12137,Punjab Mail,MAUR,MAUR,70.0,6.58,55.07,38.36,0.0,Significant Delay (60-200 min),41.782
12137,Punjab Mail,BTI,BHATINDA JN,49.0,40.55,39.45,20.0,0.0,Slight Delay (15-60 min),64.275
12137,Punjab Mail,GNA,GONEANA BHAI JAGTA,57.0,30.14,45.21,24.66,0.0,Slight Delay (15-60 min),57.672
12137,Punjab Mail,FDK,FARIDKOT,66.0,25.21,40.27,34.52,0.0,Significant Delay (60-200 min),52.248999999999995
12137,Punjab Mail,FZR,FIROZPUR CANT,39.0,53.42,31.23,15.34,0.01,Slight Delay (15-60 min),72.10600000000001
12138,Punjab Mail,FDK,FARIDKOT,12.0,93.15,6.58,0.27,0.0,On Time (0-15 min),96.494
12138,Punjab Mail,KKP,KOT KAPURA,16.0,69.04,30.41,0.55,0.0,Slight Delay (15-60 min),84.355
12138,Punjab Mail,GJUT,GANGSAR JAITU,14.0,86.03,13.15,0.82,0.0,On Time (0-15 min),92.769
12138,Punjab Mail,GNA,GONEANA BHAI JAGTA,13.0,86.3,12.6,1.1,0.0,On Time (0-15 min),92.82
12138,Punjab Mail,BTI,BHATINDA JN,6.0,96.71,2.74,0.55,0.0,On Time (0-15 min),98.19
12138,Punjab Mail,MAUR,MAUR,13.0,90.96,8.22,0.82,0.0,On Time (0-15 min),95.234
12138,Punjab Mail,MSZ,MANSA,15.0,86.58,12.6,0.82,0.0,On Time (0-15 min),93.044
12138,Punjab Mail,BLZ,BUDHLADA,16.0,84.93,13.42,1.64,0.01,Slight Delay (15-60 min),91.971
12138,Punjab Mail,BRZ,BARETA,18.0,79.45,18.9,1.64,0.01,Slight Delay (15-60 min),89.23100000000001
12138,Punjab Mail,JHL,JAKHAL JN,15.0,85.75,12.33,1.92,0.0,On Time (0-15 min),92.299
12138,Punjab Mail,TUN,TOHANA,15.0,84.66,12.88,2.47,0.0,On Time (0-15 min),91.589
12138,Punjab Mail,NRW,NARWANA JN,21.0,57.81,38.9,3.29,0.0,Slight Delay (15-60 min),77.918
12138,Punjab Mail,ROK,ROHTAK JN,15.0,75.34,20.27,4.38,0.01,On Time (0-15 min),86.354
12138,Punjab Mail,BGZ,BAHADURGARH,18.0,67.4,27.4,5.21,0.0,Slight Delay (15-60 min),82.137
12138,Punjab Mail,SSB,SHAKURBASTI,14.0,81.92,13.97,4.11,0.0,On Time (0-15 min),89.727
12138,Punjab Mail,DKZ,DELHI KISHANGNJ,17.0,76.44,18.36,5.21,0.0,Slight Delay (15-60 min),86.657
12138,Punjab Mail,NDLS,NEW DELHI,15.0,81.64,12.88,5.48,0.0,On Time (0-15 min),89.176
12138,Punjab Mail,FDB,FARIDABAD,25.0,64.38,22.19,13.42,0.01,Slight Delay (15-60 min),78.162
12138,Punjab Mail,KSV,KOSI KALAN,29.0,63.56,20.0,16.44,0.0,Slight Delay (15-60 min),76.848
12138,Punjab Mail,MTJ,MATHURA JN,42.0,14.52,67.4,18.08,0.0,Slight Delay (15-60 min),51.836
12138,Punjab Mail,RKM,RAJA KI MANDI,54.0,0.55,78.08,21.37,0.0,Slight Delay (15-60 min),43.864
12138,Punjab Mail,AGC,AGRA CANTT,48.0,1.64,80.0,18.36,0.0,Slight Delay (15-60 min),45.312
12138,Punjab Mail,DHO,DHAULPUR,27.0,56.71,33.7,9.59,0.0,Slight Delay (15-60 min),75.478
12138,Punjab Mail,MRA,MORENA,23.0,69.04,20.82,10.14,0.0,Slight Delay (15-60 min),81.47800000000001
12138,Punjab Mail,DBA,DABRA,37.0,38.63,47.95,13.15,0.27,Slight Delay (15-60 min),65.316
12138,Punjab Mail,DAA,DATIA,48.0,6.85,75.89,16.99,0.27,Slight Delay (15-60 min),48.274
12138,Punjab Mail,VGLJ,V LAKSHMIBAI JHANSI,27.0,63.56,25.21,10.96,0.27,Slight Delay (15-60 min),78.438
12138,Punjab Mail,BAB,BABINA,33.0,48.77,38.36,12.6,0.27,Slight Delay (15-60 min),70.551
12138,Punjab Mail,LAR,LALITPUR,43.0,22.47,61.37,15.89,0.27,Slight Delay (15-60 min),56.414
12138,Punjab Mail,BINA,BINA JN,34.0,63.01,21.64,15.34,0.01,Slight Delay (15-60 min),76.901
12138,Punjab Mail,BAQ,GANJ BASODA,43.0,35.89,45.75,18.36,0.0,Slight Delay (15-60 min),62.437
12138,Punjab Mail,BHS,VIDISHA,51.0,14.79,64.38,20.82,0.01,Slight Delay (15-60 min),51.147000000000006
12138,Punjab Mail,RKMP,RANI KAMLAPATI,46.0,37.26,40.0,22.74,0.0,Slight Delay (15-60 min),61.808
12138,Punjab Mail,NDPM,NARMADAPURAM,49.0,32.88,42.19,24.93,0.0,Slight Delay (15-60 min),58.961
12138,Punjab Mail,ET,ITARSI JN,50.0,29.86,46.3,23.84,0.0,Slight Delay (15-60 min),57.778
12138,Punjab Mail,BPF,BANAPURA,61.0,5.21,67.4,27.4,0.0,Significant Delay (60-200 min),44.385
12138,Punjab Mail,HD,HARDA,70.0,1.1,66.85,32.05,0.0,Significant Delay (60-200 min),40.935
12138,Punjab Mail,KKN,KHIRKIYA,75.0,0.0,63.29,36.71,0.0,Significant Delay (60-200 min),38.986999999999995
12138,Punjab Mail,KNW,KHANDWA,39.0,61.37,17.53,21.1,0.0,Slight Delay (15-60 min),74.355
12138,Punjab Mail,BSL,BHUSAVAL JN,52.0,28.49,49.32,22.19,0.0,Slight Delay (15-60 min),57.588
12138,Punjab Mail,JL,JALGAON JN,49.0,35.62,43.29,21.1,0.0,Slight Delay (15-60 min),61.480000000000004
12138,Punjab Mail,CSN,CHALISGAON JN,57.0,20.0,55.89,24.11,0.0,Slight Delay (15-60 min),52.766999999999996
12138,Punjab Mail,MMR,MANMAD JN,65.0,8.77,64.66,26.58,0.0,Significant Delay (60-200 min),46.411
12138,Punjab Mail,NK,NASIK ROAD,62.0,10.41,63.56,26.03,0.0,Significant Delay (60-200 min),47.396
12138,Punjab Mail,KYN,KALYAN JN,47.0,41.92,37.53,20.55,0.0,Slight Delay (15-60 min),64.795
12138,Punjab Mail,DR,DADAR,51.0,29.86,48.77,21.37,0.0,Slight Delay (15-60 min),58.519
12138,Punjab Mail,CSMT,C SHIVAJI TERM MUMBAI,36.0,61.37,17.81,19.73,1.09,Slight Delay (15-60 min),74.548
12509,Guwahati Sbc Express,SMVB,SMVT BENGALURU,6.0,91.67,8.33,0.0,0.0,On Time (0-15 min),95.83500000000001
12509,Guwahati Sbc Express,KJM,KRISHNARAJAPURM,23.0,33.33,58.33,8.33,0.01,Slight Delay (15-60 min),64.164
12509,Guwahati Sbc Express,BWT,BANGARAPET,23.0,41.67,50.0,8.33,0.0,Slight Delay (15-60 min),68.336
12509,Guwahati Sbc Express,JTJ,JOLARPETTAI,15.0,66.67,25.0,8.33,0.0,On Time (0-15 min),80.836
12509,Guwahati Sbc Express,KPD,KATPADI JN,11.0,83.33,16.67,0.0,0.0,On Time (0-15 min),91.66499999999999
12509,Guwahati Sbc Express,PER,PERAMBUR,31.0,25.0,58.33,16.67,0.0,Slight Delay (15-60 min),57.498999999999995
12509,Guwahati Sbc Express,BZA,VIJAYAWADA JN,55.0,8.33,50.0,41.67,0.0,Slight Delay (15-60 min),41.664
12509,Guwahati Sbc Express,RJY,RAJAMUNDRY,70.0,8.33,50.0,41.67,0.0,Significant Delay (60-200 min),41.664
12509,Guwahati Sbc Express,VSKP,VISAKHAPATNAM,48.0,33.33,41.67,25.0,0.0,Slight Delay (15-60 min),59.165
12509,Guwahati Sbc Express,VZM,VIZIANAGRAM JN,62.0,25.0,25.0,50.0,0.0,Significant Delay (60-200 min),47.5
12509,Guwahati Sbc Express,CHE,SRIKAKULAM ROAD,71.0,8.33,25.0,66.67,0.0,Significant Delay (60-200 min),34.164
12509,Guwahati Sbc Express,PSA,PALASA,65.0,8.33,41.67,50.0,0.0,Significant Delay (60-200 min),39.165
12509,Guwahati Sbc Express,BAM,BRAHMAPUR,77.0,0.0,25.0,75.0,0.0,Significant Delay (60-200 min),27.5
12509,Guwahati Sbc Express,BALU,BALUGAN,82.0,0.0,16.67,83.33,0.0,Significant Delay (60-200 min),25.001
12509,Guwahati Sbc Express,KUR,KHURDA ROAD JN,79.0,8.33,16.67,75.0,0.0,Significant Delay (60-200 min),31.665
12509,Guwahati Sbc Express,BBS,BHUBANESWAR,79.0,0.0,25.0,75.0,0.0,Significant Delay (60-200 min),27.5
12509,Guwahati Sbc Express,CTC,CUTTACK,0.0,100.0,0.0,0.0,0.0,,100.0
12509,Guwahati Sbc Express,BLS,BALASORE,174.0,0.0,0.0,100.0,0.0,Significant Delay (60-200 min),20.0
12509,Guwahati Sbc Express,KGP,KHARAGPUR JN,205.0,0.0,0.0,100.0,0.0,Severe Delay (200+ min),20.0
12509,Guwahati Sbc Express,DKAE,DANKUNI,240.0,0.0,0.0,100.0,0.0,Severe Delay (200+ min),20.0
12509,Guwahati Sbc Express,BHP,BOLPUR S NIKTN,249.0,0.0,0.0,100.0,0.0,Severe Delay (200+ min),20.0
12509,Guwahati Sbc Express,RPH,RAMPUR HAT,245.0,0.0,0.0,100.0,0.0,Severe Delay (200+ min),20.0
12509,Guwahati Sbc Express,NFK,NEW FARAKKA JN,208.0,0.0,0.0,100.0,0.0,Severe Delay (200+ min),20.0
12509,Guwahati Sbc Express,MLDT,MALDA TOWN,197.0,0.0,0.0,100.0,0.0,Significant Delay (60-200 min),20.0
12509,Guwahati Sbc Express,BOE,BARSOI JN,222.0,0.0,0.0,100.0,0.0,Severe Delay (200+ min),20.0
12509,Guwahati Sbc Express,KNE,KISHANGANJ,238.0,0.0,0.0,100.0,0.0,Severe Delay (200+ min),20.0
12509,Guwahati Sbc Express,NJP,NEW JALPAIGURI,241.0,0.0,0.0,100.0,0.0,Severe Delay (200+ min),20.0
12509,Guwahati Sbc Express,JPE,JALPAIGURI ROAD,219.0,0.0,0.0,100.0,0.0,Severe Delay (200+ min),20.0
12509,Guwahati Sbc Express,DQG,DHUPGURI,221.0,0.0,0.0,100.0,0.0,Severe Delay (200+ min),20.0
12509,Guwahati Sbc Express,NCB,NEW COOCH BEHAR,225.0,0.0,0.0,100.0,0.0,Severe Delay (200+ min),20.0
12509,Guwahati Sbc Express,NOQ,NEW ALIPURDAUR,232.0,0.0,0.0,100.0,0.0,Severe Delay (200+ min),20.0
12509,Guwahati Sbc Express,KOJ,KOKRAJHAR,252.0,0.0,0.0,100.0,0.0,Severe Delay (200+ min),20.0
12509,Guwahati Sbc Express,NBQ,NEW BONGAIGAON,222.0,0.0,0.0,100.0,0.0,Severe Delay (200+ min),20.0
12509,Guwahati Sbc Express,BPRD,BARPETA ROAD,230.0,0.0,0.0,100.0,0.0,Severe Delay (200+ min),20.0
12509,Guwahati Sbc Express,RNY,RANGIYA JN,248.0,0.0,0.0,100.0,0.0,Severe Delay (200+ min),20.0
12509,Guwahati Sbc Express,KYQ,KAMAKHYA,225.0,0.0,0.0,100.0,0.0,Severe Delay (200+ min),20.0
12509,Guwahati Sbc Express,GHY,GUWAHATI,208.0,0.0,8.33,91.67,0.0,Severe Delay (200+ min),22.499
12510,Sbc Guwahati Express,GHY,GUWAHATI,2.0,100.0,0.0,0.0,0.0,On Time (0-15 min),100.0
12510,Sbc Guwahati Express,RNY,RANGIYA JN,8.0,92.31,7.69,0.0,0.0,On Time (0-15 min),96.155
12510,Sbc Guwahati Express,BPRD,BARPETA ROAD,14.0,61.54,38.46,0.0,0.0,On Time (0-15 min),80.77
12510,Sbc Guwahati Express,NBQ,NEW BONGAIGAON,3.0,100.0,0.0,0.0,0.0,On Time (0-15 min),100.0
12510,Sbc Guwahati Express,KOJ,KOKRAJHAR,7.0,92.31,7.69,0.0,0.0,On Time (0-15 min),96.155
12510,Sbc Guwahati Express,NOQ,NEW ALIPURDAUR,18.0,30.77,69.23,0.0,0.0,Slight Delay (15-60 min),65.38499999999999
12510,Sbc Guwahati Express,NCB,NEW COOCH BEHAR,21.0,23.08,76.92,0.0,0.0,Slight Delay (15-60 min),61.54
12510,Sbc Guwahati Express,DQG,DHUPGURI,29.0,7.69,92.31,0.0,0.0,Slight Delay (15-60 min),53.845
12510,Sbc Guwahati Express,JPE,JALPAIGURI ROAD,22.0,38.46,61.54,0.0,0.0,Slight Delay (15-60 min),69.23
12510,Sbc Guwahati Express,NJP,NEW JALPAIGURI,8.0,76.92,23.08,0.0,0.0,On Time (0-15 min),88.46000000000001
12510,Sbc Guwahati Express,KNE,KISHANGANJ,20.0,69.23,30.77,0.0,0.0,Slight Delay (15-60 min),84.61500000000001
12510,Sbc Guwahati Express,BOE,BARSOI JN,19.0,38.46,61.54,0.0,0.0,Slight Delay (15-60 min),69.23
12510,Sbc Guwahati Express,MLDT,MALDA TOWN,12.0,76.92,15.38,7.69,0.01,On Time (0-15 min),86.15100000000001
12510,Sbc Guwahati Express,NFK,NEW FARAKKA JN,21.0,69.23,15.38,15.38,0.01,Slight Delay (15-60 min),79.99900000000001
12510,Sbc Guwahati Express,RPH,RAMPUR HAT,19.0,69.23,15.38,15.38,0.01,Slight Delay (15-60 min),79.99900000000001
12510,Sbc Guwahati Express,BHP,BOLPUR S NIKTN,24.0,53.85,30.77,15.38,0.0,Slight Delay (15-60 min),72.311
12510,Sbc Guwahati Express,DKAE,DANKUNI,58.0,0.0,53.85,46.15,0.0,Slight Delay (15-60 min),36.155
12510,Sbc Guwahati Express,KGP,KHARAGPUR JN,78.0,0.0,46.15,53.85,0.0,Significant Delay (60-200 min),33.845
12510,Sbc Guwahati Express,BHC,BHADRAKH,97.0,0.0,23.08,76.92,0.0,Significant Delay (60-200 min),26.924
12510,Sbc Guwahati Express,JJKR,JAJPUR K ROAD,97.0,0.0,23.08,76.92,0.0,Significant Delay (60-200 min),26.924
12510,Sbc Guwahati Express,CTC,CUTTACK,131.0,0.0,15.38,84.62,0.0,Significant Delay (60-200 min),24.613999999999997
12510,Sbc Guwahati Express,BBS,BHUBANESWAR,124.0,0.0,7.69,92.31,0.0,Significant Delay (60-200 min),22.307
12510,Sbc Guwahati Express,KUR,KHURDA ROAD JN,119.0,0.0,15.38,84.62,0.0,Significant Delay (60-200 min),24.613999999999997
12510,Sbc Guwahati Express,BALU,BALUGAN,126.0,0.0,7.69,92.31,0.0,Significant Delay (60-200 min),22.307
12510,Sbc Guwahati Express,BAM,BRAHMAPUR,123.0,0.0,7.69,92.31,0.0,Significant Delay (60-200 min),22.307
12510,Sbc Guwahati Express,PSA,PALASA,110.0,0.0,15.38,84.62,0.0,Significant Delay (60-200 min),24.613999999999997
12510,Sbc Guwahati Express,CHE,SRIKAKULAM ROAD,112.0,0.0,15.38,84.62,0.0,Significant Delay (60-200 min),24.613999999999997
12510,Sbc Guwahati Express,VZM,VIZIANAGRAM JN,124.0,0.0,7.69,92.31,0.0,Significant Delay (60-200 min),22.307
12510,Sbc Guwahati Express,VSKP,VISAKHAPATNAM,133.0,0.0,15.38,84.62,0.0,Significant Delay (60-200 min),24.613999999999997
12510,Sbc Guwahati Express,RJY,RAJAMUNDRY,161.0,0.0,15.38,84.62,0.0,Significant Delay (60-200 min),24.613999999999997
12510,Sbc Guwahati Express,BZA,VIJAYAWADA JN,158.0,0.0,15.38,84.62,0.0,Significant Delay (60-200 min),24.613999999999997
12510,Sbc Guwahati Express,PER,PERAMBUR,200.0,0.0,7.69,92.31,0.0,Significant Delay (60-200 min),22.307
12510,Sbc Guwahati Express,AJJ,ARAKKONAM,201.0,7.69,0.0,92.31,0.0,Severe Delay (200+ min),26.152
12510,Sbc Guwahati Express,KPD,KATPADI JN,187.0,7.69,7.69,84.62,0.0,Significant Delay (60-200 min),28.458999999999996
12510,Sbc Guwahati Express,JTJ,JOLARPETTAI,182.0,7.69,7.69,84.62,0.0,Significant Delay (60-200 min),28.458999999999996
12510,Sbc Guwahati Express,BWT,BANGARAPET,198.0,7.69,7.69,84.62,0.0,Significant Delay (60-200 min),28.458999999999996
12510,Sbc Guwahati Express,KJM,KRISHNARAJAPURM,208.0,0.0,15.38,84.62,0.0,Severe Delay (200+ min),24.613999999999997
12510,Sbc Guwahati Express,SMVB,SMVT BENGALURU,169.0,15.38,0.0,84.62,0.0,Significant Delay (60-200 min),32.304
16339,Nagercoil Express,CSMT,C SHIVAJI TERM MUMBAI,5.0,94.12,0.0,5.88,0.0,On Time (0-15 min),95.296
16339,Nagercoil Express,DR,DADAR,9.0,94.12,0.0,5.88,0.0,On Time (0-15 min),95.296
16339,Nagercoil Express,TNA,THANE,13.0,88.24,5.88,5.88,0.0,On Time (0-15 min),92.356
16339,Nagercoil Express,KYN,KALYAN JN,26.0,5.88,88.24,5.88,0.0,Slight Delay (15-60 min),51.176
16339,Nagercoil Express,PUNE,PUNE JN,31.0,11.76,82.35,5.88,0.01,Slight Delay (15-60 min),54.114000000000004
16339,Nagercoil Express,KWV,KURDUVADI,35.0,0.0,88.24,11.76,0.0,Slight Delay (15-60 min),46.471999999999994
16339,Nagercoil Express,SUR,SOLAPUR JN,52.0,0.0,88.24,11.76,0.0,Slight Delay (15-60 min),46.471999999999994
16339,Nagercoil Express,SDB,SHAHABAD,27.0,29.41,58.82,11.76,0.01,Slight Delay (15-60 min),61.175
16339,Nagercoil Express,WADI,WADI,10.0,88.24,5.88,5.88,0.0,On Time (0-15 min),92.356
16339,Nagercoil Express,YG,YADGIR,14.0,82.35,11.76,5.88,0.01,On Time (0-15 min),89.409
16339,Nagercoil Express,RC,RAICHUR,18.0,64.71,29.41,5.88,0.0,Slight Delay (15-60 min),80.591
16339,Nagercoil Express,AD,ADONI,26.0,47.06,47.06,5.88,0.0,Slight Delay (15-60 min),71.766
16339,Nagercoil Express,GTL,GUNTAKAL JN,19.0,58.82,35.29,5.88,0.01,Slight Delay (15-60 min),77.644
16339,Nagercoil Express,ATP,ANANTAPUR,25.0,41.18,52.94,5.88,0.0,Slight Delay (15-60 min),68.826
16339,Nagercoil Express,KRY,KADIRI,23.0,58.82,35.29,5.88,0.01,Slight Delay (15-60 min),77.644
16339,Nagercoil Express,MPL,MADANAPALLE RD,28.0,35.29,58.82,5.88,0.01,Slight Delay (15-60 min),65.879
16339,Nagercoil Express,PAK,PAKALA JN,36.0,11.76,82.35,5.88,0.01,Slight Delay (15-60 min),54.114000000000004
16339,Nagercoil Express,CTO,CHITTOOR,35.0,17.65,70.59,11.76,0.0,Slight Delay (15-60 min),55.297
16339,Nagercoil Express,KPD,KATPADI JN,19.0,47.06,52.94,0.0,0.0,Slight Delay (15-60 min),73.53
16339,Nagercoil Express,TPT,TIRUPATTUR JN,13.0,70.59,29.41,0.0,0.0,On Time (0-15 min),85.295
16339,Nagercoil Express,SA,SALEM JN,23.0,11.76,88.24,0.0,0.0,Slight Delay (15-60 min),55.88
16339,Nagercoil Express,KRR,KARUR,6.0,94.12,5.88,0.0,0.0,On Time (0-15 min),97.06
16339,Nagercoil Express,DG,DINDIGUL JN,6.0,94.12,5.88,0.0,0.0,On Time (0-15 min),97.06
16339,Nagercoil Express,KQN,KODAIKANAL ROAD,15.0,64.71,35.29,0.0,0.0,On Time (0-15 min),82.35499999999999
16339,Nagercoil Express,MDU,MADURAI JN,8.0,76.47,23.53,0.0,0.0,On Time (0-15 min),88.235
16339,Nagercoil Express,VPT,VIRUDUNAGAR JN,10.0,76.47,23.53,0.0,0.0,On Time (0-15 min),88.235
16339,Nagercoil Express,SRT,SATUR,10.0,76.47,23.53,0.0,0.0,On Time (0-15 min),88.235
16339,Nagercoil Express,CVP,KOVILPATTI,9.0,82.35,17.65,0.0,0.0,On Time (0-15 min),91.175
16339,Nagercoil Express,TEN,TIRUNELVELI JN,0.0,100.0,0.0,0.0,0.0,,100.0
16339,Nagercoil Express,NNN,NANGUNERI,3.0,100.0,0.0,0.0,0.0,On Time (0-15 min),100.0
16340,Nagercoil Express,NCJ,NAGERCOIL JN,1.0,100.0,0.0,0.0,0.0,On Time (0-15 min),100.0
16340,Nagercoil Express,VLY,VALLIYUR,0.0,100.0,0.0,0.0,0.0,,100.0
16340,Nagercoil Express,NNN,NANGUNERI,2.0,100.0,0.0,0.0,0.0,On Time (0-15 min),100.0
16340,Nagercoil Express,TEN,TIRUNELVELI JN,2.0,100.0,0.0,0.0,0.0,On Time (0-15 min),100.0
16340,Nagercoil Express,VPT,VIRUDUNAGAR JN,8.0,81.25,18.75,0.0,0.0,On Time (0-15 min),90.625
16340,Nagercoil Express,MDU,MADURAI JN,19.0,56.25,31.25,12.5,0.0,Slight Delay (15-60 min),74.375
16340,Nagercoil Express,DG,DINDIGUL JN,39.0,37.5,31.25,31.25,0.0,Slight Delay (15-60 min),59.375
16340,Nagercoil Express,KRR,KARUR,43.0,12.5,50.0,37.5,0.0,Slight Delay (15-60 min),45.0
16340,Nagercoil Express,SA,SALEM JN,16.0,56.25,43.75,0.0,0.0,Slight Delay (15-60 min),78.125
16340,Nagercoil Express,SLY,SAMALPATTI,40.0,0.0,93.75,6.25,0.0,Slight Delay (15-60 min),48.125
16340,Nagercoil Express,CTO,CHITTOOR,15.0,75.0,25.0,0.0,0.0,On Time (0-15 min),87.5
16340,Nagercoil Express,PAK,PAKALA JN,28.0,0.0,93.75,6.25,0.0,Slight Delay (15-60 min),48.125
16340,Nagercoil Express,PIL,PILER,31.0,0.0,93.75,6.25,0.0,Slight Delay (15-60 min),48.125
16340,Nagercoil Express,MPL,MADANAPALLE RD,34.0,6.25,87.5,6.25,0.0,Slight Delay (15-60 min),51.25
16340,Nagercoil Express,KRY,KADIRI,27.0,37.5,56.25,6.25,0.0,Slight Delay (15-60 min),66.875
16340,Nagercoil Express,DMM,DHARMAVARAM JN,11.0,75.0,25.0,0.0,0.0,On Time (0-15 min),87.5
16340,Nagercoil Express,ATP,ANANTAPUR,10.0,68.75,31.25,0.0,0.0,On Time (0-15 min),84.375
16340,Nagercoil Express,GTL,GUNTAKAL JN,15.0,56.25,43.75,0.0,0.0,On Time (0-15 min),78.125
16340,Nagercoil Express,AD,ADONI,24.0,25.0,75.0,0.0,0.0,Slight Delay (15-60 min),62.5
16340,Nagercoil Express,MALM,MANTHRALAYAM RD,24.0,18.75,75.0,6.25,0.0,Slight Delay (15-60 min),57.5
16340,Nagercoil Express,YG,YADGIR,19.0,37.5,62.5,0.0,0.0,Slight Delay (15-60 min),68.75
16340,Nagercoil Express,WADI,WADI,10.0,81.25,18.75,0.0,0.0,On Time (0-15 min),90.625
16340,Nagercoil Express,SDB,SHAHABAD,10.0,81.25,18.75,0.0,0.0,On Time (0-15 min),90.625
16340,Nagercoil Express,KLBG,KALABURAGI JN,17.0,56.25,43.75,0.0,0.0,Slight Delay (15-60 min),78.125
16340,Nagercoil Express,SUR,SOLAPUR JN,18.0,43.75,56.25,0.0,0.0,Slight Delay (15-60 min),71.875
16340,Nagercoil Express,KWV,KURDUVADI,19.0,43.75,56.25,0.0,0.0,Slight Delay (15-60 min),71.875
16340,Nagercoil Express,DD,DAUND JN,7.0,87.5,12.5,0.0,0.0,On Time (0-15 min),93.75
16340,Nagercoil Express,PUNE,PUNE JN,14.0,68.75,31.25,0.0,0.0,On Time (0-15 min),84.375
16340,Nagercoil Express,KYN,KALYAN JN,29.0,12.5,81.25,6.25,0.0,Slight Delay (15-60 min),54.375
16340,Nagercoil Express,TNA,THANE,31.0,12.5,81.25,6.25,0.0,Slight Delay (15-60 min),54.375
16340,Nagercoil Express,DR,DADAR,27.0,18.75,75.0,6.25,0.0,Slight Delay (15-60 min),57.5
16340,Nagercoil Express,CSMT,C SHIVAJI TERM MUMBAI,17.0,62.5,37.5,0.0,0.0,Slight Delay (15-60 min),81.25
16127,Guruvayur Express,MS,CHENNAI EGMORE,0.0,100.0,0.0,0.0,0.0,,100.0
16127,Guruvayur Express,CGL,CHENGALPATTU,3.0,96.67,3.33,0.0,0.0,On Time (0-15 min),98.33500000000001
16127,Guruvayur Express,MLMR,MELMARUVATTUR,16.0,63.33,36.67,0.0,0.0,Slight Delay (15-60 min),81.66499999999999
16127,Guruvayur Express,TMV,TINDIVANAM,15.0,56.67,43.33,0.0,0.0,On Time (0-15 min),78.33500000000001
16127,Guruvayur Express,VM,VILLUPURAM JN,3.0,93.33,6.67,0.0,0.0,On Time (0-15 min),96.66499999999999
16127,Guruvayur Express,VRI,VRIDHACHALAM JN,4.0,93.33,6.67,0.0,0.0,On Time (0-15 min),96.66499999999999
16127,Guruvayur Express,PNDM,PENNADAM,3.0,93.33,6.67,0.0,0.0,On Time (0-15 min),96.66499999999999
16127,Guruvayur Express,ALU,ARIYALUR,19.0,70.0,26.67,3.33,0.0,Slight Delay (15-60 min),84.001
16127,Guruvayur Express,SRGM,SRIRANGAM,18.0,70.0,26.67,3.33,0.0,Slight Delay (15-60 min),84.001
16127,Guruvayur Express,TPJ,TIRUCHCHIRAPALI,8.0,86.67,10.0,3.33,0.0,On Time (0-15 min),92.336
16127,Guruvayur Express,MPA,MANAPARAI,16.0,80.0,16.67,3.33,0.0,Slight Delay (15-60 min),89.001
16127,Guruvayur Express,DG,DINDIGUL JN,20.0,46.67,50.0,3.33,0.0,Slight Delay (15-60 min),72.336
16127,Guruvayur Express,KQN,KODAIKANAL ROAD,21.0,33.33,63.33,3.33,0.01,Slight Delay (15-60 min),65.664
16127,Guruvayur Express,SDN,SHOLAVANDAN,27.0,16.67,80.0,3.33,0.0,Slight Delay (15-60 min),57.336
16127,Guruvayur Express,KON,KUDALNAGAR,27.0,20.0,76.67,3.33,0.0,Slight Delay (15-60 min),59.001
16127,Guruvayur Express,MDU,MADURAI JN,15.0,60.0,36.67,3.33,0.0,On Time (0-15 min),79.001
16127,Guruvayur Express,VPT,VIRUDUNAGAR JN,13.0,73.33,23.33,3.33,0.01,On Time (0-15 min),85.664
16127,Guruvayur Express,SRT,SATUR,13.0,73.33,23.33,3.33,0.01,On Time (0-15 min),85.664
16127,Guruvayur Express,CVP,KOVILPATTI,22.0,43.33,53.33,3.33,0.01,Slight Delay (15-60 min),70.664
16127,Guruvayur Express,MEJ,VANCHI MANIYACHCHI,27.0,33.33,63.33,3.33,0.01,Slight Delay (15-60 min),65.664
16127,Guruvayur Express,TEN,TIRUNELVELI JN,22.0,40.0,56.67,3.33,0.0,Slight Delay (15-60 min),69.001
16127,Guruvayur Express,NNN,NANGUNERI,27.0,33.33,63.33,3.33,0.01,Slight Delay (15-60 min),65.664
16127,Guruvayur Express,VLY,VALLIYUR,26.0,33.33,63.33,3.33,0.01,Slight Delay (15-60 min),65.664
16127,Guruvayur Express,AAY,ARALVAYMOZHI,24.0,36.67,60.0,3.33,0.0,Slight Delay (15-60 min),67.336
16127,Guruvayur Express,NJT,NAGER COIL TOWN,16.0,60.0,36.67,3.33,0.0,Slight Delay (15-60 min),79.001
16127,Guruvayur Express,KZT,KULITTHURAI,30.0,23.33,73.33,3.33,0.01,Slight Delay (15-60 min),60.664
16127,Guruvayur Express,TVC,TRIVANDRUM CNTL,30.0,20.0,73.33,6.67,0.0,Slight Delay (15-60 min),57.998999999999995
16127,Guruvayur Express,CRY,CHIRAYINKIL,14.0,80.0,6.67,13.33,0.0,On Time (0-15 min),86.001
16127,Guruvayur Express,KVU,KADAKAVUR,53.0,6.67,70.0,23.33,0.0,Slight Delay (15-60 min),46.336
16127,Guruvayur Express,PVU,PARAVUR,59.0,6.67,60.0,33.33,0.0,Slight Delay (15-60 min),43.336
16127,Guruvayur Express,QLN,KOLLAM JN,59.0,13.33,53.33,33.33,0.01,Slight Delay (15-60 min),46.664
16127,Guruvayur Express,KYJ,KAYANKULAM JN,69.0,0.0,50.0,50.0,0.0,Significant Delay (60-200 min),35.0
16127,Guruvayur Express,HAD,HARIPPAD,70.0,0.0,46.67,53.33,0.0,Significant Delay (60-200 min),34.001
16127,Guruvayur Express,ALLP,ALLEPPEY,73.0,0.0,36.67,63.33,0.0,Significant Delay (60-200 min),31.000999999999998
16127,Guruvayur Express,SRTL,SHERTALAI,77.0,0.0,30.0,70.0,0.0,Significant Delay (60-200 min),29.0
16127,Guruvayur Express,ERS,ERNAKULAM JN,43.0,16.67,60.0,23.33,0.0,Slight Delay (15-60 min),51.336
16127,Guruvayur Express,ERN,ERNAKULAM TOWN,45.0,10.0,66.67,23.33,0.0,Slight Delay (15-60 min),48.001000000000005
16127,Guruvayur Express,AWY,ALUVA,42.0,10.0,66.67,23.33,0.0,Slight Delay (15-60 min),48.001000000000005
16127,Guruvayur Express,AFK,ANGAMALI,46.0,6.67,70.0,23.33,0.0,Slight Delay (15-60 min),46.336
16127,Guruvayur Express,IJK,IRINJALAKUDA,54.0,6.67,63.33,30.0,0.0,Slight Delay (15-60 min),44.335
16127,Guruvayur Express,TCR,THRISUR,30.0,53.33,20.0,26.67,0.0,Slight Delay (15-60 min),68.664
16127,Guruvayur Express,PNQ,PUNKUNNAM,36.0,43.33,26.67,30.0,0.0,Slight Delay (15-60 min),62.665
16127,Guruvayur Express,GUV,GURUVAYUR,22.0,70.0,13.33,16.67,0.0,Slight Delay (15-60 min),79.999
16128,Guruvayur Express,PNQ,PUNKUNNAM,8.0,90.0,10.0,0.0,0.0,On Time (0-15 min),95.0
16128,Guruvayur Express,TCR,THRISUR,11.0,83.33,16.67,0.0,0.0,On Time (0-15 min),91.66499999999999
16128,Guruvayur Express,IJK,IRINJALAKUDA,17.0,60.0,40.0,0.0,0.0,Slight Delay (15-60 min),80.0
16128,Guruvayur Express,AFK,ANGAMALI,23.0,26.67,70.0,3.33,0.0,Slight Delay (15-60 min),62.336
16128,Guruvayur Express,AWY,ALUVA,29.0,6.67,90.0,3.33,0.0,Slight Delay (15-60 min),52.336
16128,Guruvayur Express,ERN,ERNAKULAM TOWN,29.0,6.67,90.0,3.33,0.0,Slight Delay (15-60 min),52.336
16128,Guruvayur Express,ERS,ERNAKULAM JN,27.0,13.33,83.33,3.33,0.01,Slight Delay (15-60 min),55.664
16128,Guruvayur Express,SRTL,SHERTALAI,29.0,10.0,86.67,3.33,0.0,Slight Delay (15-60 min),54.001
16128,Guruvayur Express,ALLP,ALLEPPEY,31.0,6.67,90.0,3.33,0.0,Slight Delay (15-60 min),52.336
16128,Guruvayur Express,HAD,HARIPPAD,33.0,6.67,90.0,3.33,0.0,Slight Delay (15-60 min),52.336
16128,Guruvayur Express,KYJ,KAYANKULAM JN,33.0,6.67,90.0,3.33,0.0,Slight Delay (15-60 min),52.336
16128,Guruvayur Express,PVU,PARAVUR,33.0,6.67,90.0,3.33,0.0,Slight Delay (15-60 min),52.336
16128,Guruvayur Express,VAK,VARKALA,38.0,6.67,86.67,6.67,0.0,Slight Delay (15-60 min),51.334
16128,Guruvayur Express,CRY,CHIRAYINKIL,8.0,86.67,13.33,0.0,0.0,On Time (0-15 min),93.33500000000001
16128,Guruvayur Express,TVC,TRIVANDRUM CNTL,29.0,0.0,96.67,3.33,0.0,Slight Delay (15-60 min),49.001
16128,Guruvayur Express,NYY,NEYYATTINKARA,36.0,0.0,96.67,3.33,0.0,Slight Delay (15-60 min),49.001
16128,Guruvayur Express,KZT,KULITTHURAI,39.0,0.0,93.33,6.67,0.0,Slight Delay (15-60 min),47.998999999999995
16128,Guruvayur Express,ERL,ERANIEL,49.0,0.0,93.33,6.67,0.0,Slight Delay (15-60 min),47.998999999999995
16128,Guruvayur Express,NJT,NAGER COIL TOWN,50.0,0.0,93.33,6.67,0.0,Slight Delay (15-60 min),47.998999999999995
16128,Guruvayur Express,VLY,VALLIYUR,34.0,0.0,96.67,3.33,0.0,Slight Delay (15-60 min),49.001
16128,Guruvayur Express,NNN,NANGUNERI,36.0,0.0,96.67,3.33,0.0,Slight Delay (15-60 min),49.001
16128,Guruvayur Express,TEN,TIRUNELVELI JN,5.0,93.33,6.67,0.0,0.0,On Time (0-15 min),96.66499999999999
16128,Guruvayur Express,MEJ,VANCHI MANIYACHCHI,8.0,86.67,13.33,0.0,0.0,On Time (0-15 min),93.33500000000001
16128,Guruvayur Express,CVP,KOVILPATTI,11.0,83.33,16.67,0.0,0.0,On Time (0-15 min),91.66499999999999
16128,Guruvayur Express,SRT,SATUR,14.0,66.67,33.33,0.0,0.0,On Time (0-15 min),83.33500000000001
16128,Guruvayur Express,VPT,VIRUDUNAGAR JN,20.0,40.0,60.0,0.0,0.0,Slight Delay (15-60 min),70.0
16128,Guruvayur Express,MDU,MADURAI JN,5.0,90.0,10.0,0.0,0.0,On Time (0-15 min),95.0
16128,Guruvayur Express,SDN,SHOLAVANDAN,8.0,76.67,23.33,0.0,0.0,On Time (0-15 min),88.33500000000001
16128,Guruvayur Express,KQN,KODAIKANAL ROAD,8.0,73.33,26.67,0.0,0.0,On Time (0-15 min),86.66499999999999
16128,Guruvayur Express,DG,DINDIGUL JN,7.0,76.67,23.33,0.0,0.0,On Time (0-15 min),88.33500000000001
16128,Guruvayur Express,MPA,MANAPARAI,7.0,80.0,20.0,0.0,0.0,On Time (0-15 min),90.0
16128,Guruvayur Express,TPJ,TIRUCHCHIRAPALI,37.0,16.67,73.33,10.0,0.0,Slight Delay (15-60 min),55.335
16128,Guruvayur Express,SRGM,SRIRANGAM,38.0,16.67,66.67,16.67,0.0,Slight Delay (15-60 min),53.334
16128,Guruvayur Express,ALU,ARIYALUR,43.0,6.67,76.67,16.67,0.0,Slight Delay (15-60 min),48.334
16128,Guruvayur Express,PNDM,PENNADAM,24.0,36.67,60.0,3.33,0.0,Slight Delay (15-60 min),67.336
16128,Guruvayur Express,VM,VILLUPURAM JN,10.0,76.67,23.33,0.0,0.0,On Time (0-15 min),88.33500000000001
16128,Guruvayur Express,TMV,TINDIVANAM,16.0,60.0,40.0,0.0,0.0,Slight Delay (15-60 min),80.0
16128,Guruvayur Express,MLMR,MELMARUVATTUR,14.0,60.0,40.0,0.0,0.0,On Time (0-15 min),80.0
16128,Guruvayur Express,CGL,CHENGALPATTU,13.0,60.0,40.0,0.0,0.0,On Time (0-15 min),80.0
16128,Guruvayur Express,TBM,TAMBARAM,19.0,36.67,63.33,0.0,0.0,Slight Delay (15-60 min),68.33500000000001
16128,Guruvayur Express,MBM,MAMBALAM,0.0,100.0,0.0,0.0,0.0,,100.0
16128,Guruvayur Express,MS,CHENNAI EGMORE,1.0,100.0,0.0,0.0,0.0,On Time (0-15 min),100.0
22601,Chennai Intercity,MAS,CHENNAI CENTRAL,1.0,100.0,0.0,0.0,0.0,On Time (0-15 min),100.0
22601,Chennai Intercity,KPD,KATPADI JN,55.0,75.0,0.0,25.0,0.0,Slight Delay (15-60 min),80.0
22601,Chennai Intercity,KPN,KUPPAM,59.0,75.0,0.0,25.0,0.0,Slight Delay (15-60 min),80.0
22601,Chennai Intercity,BWT,BANGARAPET,63.0,50.0,25.0,25.0,0.0,Significant Delay (60-200 min),67.5
22601,Chennai Intercity,MLO,MALUR,59.0,50.0,25.0,25.0,0.0,Slight Delay (15-60 min),67.5
22601,Chennai Intercity,KJM,KRISHNARAJAPURM,73.0,25.0,50.0,25.0,0.0,Significant Delay (60-200 min),55.0
22601,Chennai Intercity,YNK,YELHANKA JN,59.0,75.0,0.0,25.0,0.0,Slight Delay (15-60 min),80.0
22601,Chennai Intercity,HUP,HINDUPUR,62.0,75.0,0.0,25.0,0.0,Significant Delay (60-200 min),80.0
22601,Chennai Intercity,DMM,DHARMAVARAM JN,65.0,75.0,0.0,25.0,0.0,Significant Delay (60-200 min),80.0
22601,Chennai Intercity,ATP,ANANTAPUR,64.0,75.0,0.0,25.0,0.0,Significant Delay (60-200 min),80.0
22601,Chennai Intercity,GTL,GUNTAKAL JN,70.0,75.0,0.0,25.0,0.0,Significant Delay (60-200 min),80.0
22601,Chennai Intercity,AD,ADONI,66.0,75.0,0.0,25.0,0.0,Significant Delay (60-200 min),80.0
22601,Chennai Intercity,MALM,MANTHRALAYAM RD,61.0,75.0,0.0,25.0,0.0,Significant Delay (60-200 min),80.0
22601,Chennai Intercity,RC,RAICHUR,61.0,75.0,0.0,25.0,0.0,Significant Delay (60-200 min),80.0
22601,Chennai Intercity,WADI,WADI,54.0,50.0,25.0,25.0,0.0,Slight Delay (15-60 min),67.5
22601,Chennai Intercity,KLBG,KALABURAGI JN,67.0,25.0,50.0,25.0,0.0,Significant Delay (60-200 min),55.0
22601,Chennai Intercity,SUR,SOLAPUR JN,66.0,0.0,75.0,25.0,0.0,Significant Delay (60-200 min),42.5
22601,Chennai Intercity,DD,DAUND JN,59.0,25.0,50.0,25.0,0.0,Slight Delay (15-60 min),55.0
22601,Chennai Intercity,ANG,AHMADNAGAR,90.0,0.0,50.0,50.0,0.0,Significant Delay (60-200 min),35.0
22601,Chennai Intercity,SNSI,SAINAGAR SHIRDI,40.0,75.0,0.0,25.0,0.0,Slight Delay (15-60 min),80.0
22602,Chennai Intercity,SNSI,SAINAGAR SHIRDI,2.0,100.0,0.0,0.0,0.0,On Time (0-15 min),100.0
22602,Chennai Intercity,DD,DAUND JN,18.0,50.0,50.0,0.0,0.0,Slight Delay (15-60 min),75.0
22602,Chennai Intercity,SUR,SOLAPUR JN,30.0,25.0,75.0,0.0,0.0,Slight Delay (15-60 min),62.5
22602,Chennai Intercity,KLBG,KALABURAGI JN,26.0,0.0,100.0,0.0,0.0,Slight Delay (15-60 min),50.0
22602,Chennai Intercity,RC,RAICHUR,13.0,50.0,50.0,0.0,0.0,On Time (0-15 min),75.0
22602,Chennai Intercity,AD,ADONI,17.0,75.0,25.0,0.0,0.0,Slight Delay (15-60 min),87.5
22602,Chennai Intercity,GTL,GUNTAKAL JN,15.0,50.0,50.0,0.0,0.0,On Time (0-15 min),75.0
22602,Chennai Intercity,ATP,ANANTAPUR,21.0,50.0,50.0,0.0,0.0,Slight Delay (15-60 min),75.0
22602,Chennai Intercity,DMM,DHARMAVARAM JN,0.0,100.0,0.0,0.0,0.0,,100.0
22602,Chennai Intercity,SSPN,SAI P NILAYAM,13.0,50.0,50.0,0.0,0.0,On Time (0-15 min),75.0
22602,Chennai Intercity,HUP,HINDUPUR,12.0,75.0,25.0,0.0,0.0,On Time (0-15 min),87.5
22602,Chennai Intercity,YNK,YELHANKA JN,19.0,25.0,75.0,0.0,0.0,Slight Delay (15-60 min),62.5
22602,Chennai Intercity,KJM,KRISHNARAJAPURM,4.0,75.0,25.0,0.0,0.0,On Time (0-15 min),87.5
22602,Chennai Intercity,MLO,MALUR,8.0,75.0,25.0,0.0,0.0,On Time (0-15 min),87.5
22602,Chennai Intercity,BWT,BANGARAPET,8.0,75.0,25.0,0.0,0.0,On Time (0-15 min),87.5
22602,Chennai Intercity,KPN,KUPPAM,12.0,50.0,50.0,0.0,0.0,On Time (0-15 min),75.0
22602,Chennai Intercity,JTJ,JOLARPETTAI,2.0,100.0,0.0,0.0,0.0,On Time (0-15 min),100.0
22602,Chennai Intercity,KPD,KATPADI JN,5.0,100.0,0.0,0.0,0.0,On Time (0-15 min),100.0
22602,Chennai Intercity,PER,PERAMBUR,19.0,50.0,50.0,0.0,0.0,Slight Delay (15-60 min),75.0
22602,Chennai Intercity,MAS,CHENNAI CENTRAL,10.0,75.0,25.0,0.0,0.0,On Time (0-15 min),87.5
12009,Shatabdi,MMCT,MUMBAI CENTRAL,1.0,100.0,0.0,0.0,0.0,On Time (0-15 min),100.0
12009,Shatabdi,BVI,BORIVALI,13.0,72.0,28.0,0.0,0.0,On Time (0-15 min),86.0
12009,Shatabdi,VAPI,VAPI,19.0,16.0,84.0,0.0,0.0,Slight Delay (15-60 min),58.0
12009,Shatabdi,ST,SURAT,10.0,84.0,16.0,0.0,0.0,On Time (0-15 min),92.0
12009,Shatabdi,BH,BHARUCH JN,13.0,72.0,28.0,0.0,0.0,On Time (0-15 min),86.0
12009,Shatabdi,BRC,VADODARA JN,7.0,96.0,4.0,0.0,0.0,On Time (0-15 min),98.0
12009,Shatabdi,ANND,ANAND JN,8.0,92.0,8.0,0.0,0.0,On Time (0-15 min),96.0
12009,Shatabdi,ND,NADIAD JN,7.0,96.0,4.0,0.0,0.0,On Time (0-15 min),98.0
12010,Shatabdi,ADI,AHMEDABAD JN,0.0,100.0,0.0,0.0,0.0,,100.0
12010,Shatabdi,ND,NADIAD JN,9.0,84.0,16.0,0.0,0.0,On Time (0-15 min),92.0
12010,Shatabdi,ANND,ANAND JN,5.0,96.0,4.0,0.0,0.0,On Time (0-15 min),98.0
12010,Shatabdi,BRC,VADODARA JN,5.0,96.0,4.0,0.0,0.0,On Time (0-15 min),98.0
12010,Shatabdi,ST,SURAT,3.0,100.0,0.0,0.0,0.0,On Time (0-15 min),100.0
12010,Shatabdi,BVI,BORIVALI,21.0,12.0,88.0,0.0,0.0,Slight Delay (15-60 min),56.0
12010,Shatabdi,MMCT,MUMBAI CENTRAL,2.0,96.0,4.0,0.0,0.0,On Time (0-15 min),98.0
12019,Shatabdi,HWH,HOWRAH JN,1.0,100.0,0.0,0.0,0.0,On Time (0-15 min),100.0
12019,Shatabdi,DGR,DURGAPUR,12.0,80.0,20.0,0.0,0.0,On Time (0-15 min),90.0
12019,Shatabdi,RNG,RANIGANJ,14.0,72.0,28.0,0.0,0.0,On Time (0-15 min),86.0
12019,Shatabdi,ASN,ASANSOL JN,16.0,64.0,36.0,0.0,0.0,Slight Delay (15-60 min),82.0
12019,Shatabdi,DHN,DHANBAD JN,3.0,100.0,0.0,0.0,0.0,On Time (0-15 min),100.0
12019,Shatabdi,CRP,CHANDRAPURA,4.0,96.0,4.0,0.0,0.0,On Time (0-15 min),98.0
12019,Shatabdi,BKSC,BOKARO STL CITY,1.0,100.0,0.0,0.0,0.0,On Time (0-15 min),100.0
12019,Shatabdi,MURI,MURI,6.0,92.0,8.0,0.0,0.0,On Time (0-15 min),96.0
12020,Shatabdi,RNC,RANCHI,2.0,96.0,4.0,0.0,0.0,On Time (0-15 min),98.0
12020,Shatabdi,CRP,CHANDRAPURA,6.0,88.0,12.0,0.0,0.0,On Time (0-15 min),94.0
12020,Shatabdi,DHN,DHANBAD JN,6.0,92.0,8.0,0.0,0.0,On Time (0-15 min),96.0
12020,Shatabdi,ASN,ASANSOL JN,18.0,72.0,24.0,4.0,0.0,Slight Delay (15-60 min),84.8
12020,Shatabdi,RNG,RANIGANJ,15.0,60.0,36.0,4.0,0.0,On Time (0-15 min),78.8
12020,Shatabdi,HWH,HOWRAH JN,7.0,80.0,16.0,4.0,0.0,On Time (0-15 min),88.8
12049,Gatimaan Express,GWL,GWALIOR,2.0,96.15,3.85,0.0,0.0,On Time (0-15 min),98.075
12049,Gatimaan Express,AGC,AGRA CANTT,1.0,100.0,0.0,0.0,0.0,On Time (0-15 min),100.0
12050,Gatimaan Express,AGC,AGRA CANTT,15.0,76.92,23.08,0.0,0.0,On Time (0-15 min),88.46000000000001
12050,Gatimaan Express,GWL,GWALIOR,19.0,42.31,57.69,0.0,0.0,Slight Delay (15-60 min),71.155
12050,Gatimaan Express,VGLJ,V LAKSHMIBAI JHANSI,2.0,92.31,7.69,0.0,0.0,On Time (0-15 min),96.155
12235,Duronto Express,MDP,MADHUPUR JN,6.0,75.0,25.0,0.0,0.0,On Time (0-15 min),87.5
12235,Duronto Express,JSME,JASIDIH JN,12.0,75.0,25.0,0.0,0.0,On Time (0-15 min),87.5
12235,Duronto Express,JAJ,JHAJHA,3.0,100.0,0.0,0.0,0.0,On Time (0-15 min),100.0
12235,Duronto Express,MKA,MOKAMEH JN,35.0,0.0,100.0,0.0,0.0,Slight Delay (15-60 min),50.0
12235,Duronto Express,PNBE,PATNA JN,18.0,50.0,50.0,0.0,0.0,Slight Delay (15-60 min),75.0
12235,Duronto Express,ARA,ARA,38.0,0.0,100.0,0.0,0.0,Slight Delay (15-60 min),50.0
12235,Duronto Express,BXR,BUXAR,51.0,0.0,75.0,25.0,0.0,Slight Delay (15-60 min),42.5
12235,Duronto Express,DDU,PT DEEN DAYAL UPADHYAY JN,1.0,100.0,0.0,0.0,0.0,On Time (0-15 min),100.0
12235,Duronto Express,PRYJ,PRAYAGRAJ JN,6.0,100.0,0.0,0.0,0.0,On Time (0-15 min),100.0
12235,Duronto Express,CNB,KANPUR CENTRAL,13.0,50.0,50.0,0.0,0.0,On Time (0-15 min),75.0
12236,Duronto Express,PRYJ,PRAYAGRAJ JN,159.0,25.0,25.0,50.0,0.0,Significant Delay (60-200 min),47.5
12236,Duronto Express,DDU,PT DEEN DAYAL UPADHYAY JN,147.0,25.0,25.0,50.0,0.0,Significant Delay (60-200 min),47.5
12236,Duronto Express,BXR,BUXAR,152.0,25.0,25.0,50.0,0.0,Significant Delay (60-200 min),47.5
12236,Duronto Express,ARA,ARA,157.0,25.0,25.0,50.0,0.0,Significant Delay (60-200 min),47.5
12236,Duronto Express,JAJ,JHAJHA,143.0,50.0,0.0,50.0,0.0,Significant Delay (60-200 min),60.0
12236,Duronto Express,JSME,JASIDIH JN,152.0,50.0,0.0,50.0,0.0,Significant Delay (60-200 min),60.0
12236,Duronto Express,MDP,MADHUPUR JN,126.0,50.0,0.0,50.0,0.0,Significant Delay (60-200 min),60.0
12245,Duronto Express,HWH,HOWRAH JN,13.0,86.36,9.09,4.55,0.0,On Time (0-15 min),91.815
12245,Duronto Express,BBS,BHUBANESWAR,111.0,0.0,18.18,81.82,0.0,Significant Delay (60-200 min),25.454
12245,Duronto Express,VZM,VIZIANAGRAM JN,93.0,13.64,31.82,54.55,0.0,Significant Delay (60-200 min),40.455
12245,Duronto Express,RU,RENIGUNTA JN,97.0,18.18,27.27,54.55,0.0,Significant Delay (60-200 min),42.725
12245,Duronto Express,SMVB,SMVT BENGALURU,77.0,40.91,27.27,31.82,0.0,Significant Delay (60-200 min),60.909
12246,Duronto Express,RU,RENIGUNTA JN,13.0,69.35,28.35,1.92,0.38,On Time (0-15 min),84.023
12246,Duronto Express,BZA,VIJAYAWADA JN,22.0,43.68,50.19,5.75,0.38,Slight Delay (15-60 min),70.039
12246,Duronto Express,VZM,VIZIANAGRAM JN,15.0,72.41,24.14,3.07,0.38,On Time (0-15 min),85.208
12246,Duronto Express,BBS,BHUBANESWAR,41.0,12.26,76.25,11.11,0.38,Slight Delay (15-60 min),52.721000000000004
12259,Sealdah Duronto,SDAH,SEALDAH,0.0,100.0,0.0,0.0,0.0,,100.0
12259,Sealdah Duronto,DHN,DHANBAD JN,4.0,94.12,5.88,0.0,0.0,On Time (0-15 min),97.06
12259,Sealdah Duronto,KQR,KODERMA,11.0,82.35,17.65,0.0,0.0,On Time (0-15 min),91.175
12259,Sealdah Duronto,DDU,PT DEEN DAYAL UPADHYAY JN,4.0,94.12,5.88,0.0,0.0,On Time (0-15 min),97.06
12259,Sealdah Duronto,CNB,KANPUR CENTRAL,11.0,76.47,23.53,0.0,0.0,On Time (0-15 min),88.235
12259,Sealdah Duronto,NDLS,NEW DELHI,14.0,64.71,29.41,5.88,0.0,On Time (0-15 min),80.591
12259,Sealdah Duronto,LHU,LOHARU,24.0,64.71,29.41,5.88,0.0,Slight Delay (15-60 min),80.591
12259,Sealdah Duronto,SDLP,SADULPUR JN,28.0,64.71,11.76,23.53,0.0,Slight Delay (15-60 min),75.29599999999999
12259,Sealdah Duronto,CUR,CHURU,41.0,29.41,47.06,23.53,0.0,Slight Delay (15-60 min),57.646
12259,Sealdah Duronto,SDGH,SRI DUNGARGARH,57.0,0.0,70.59,29.41,0.0,Slight Delay (15-60 min),41.177
12259,Sealdah Duronto,BKN,BIKANER JN,7.0,70.59,23.53,5.88,0.0,On Time (0-15 min),83.531
12260,Sealdah Duronto,SDGH,SRI DUNGARGARH,15.0,68.75,25.0,6.25,0.0,On Time (0-15 min),82.5
12260,Sealdah Duronto,SDLP,SADULPUR JN,24.0,31.25,62.5,6.25,0.0,Slight Delay (15-60 min),63.75
12260,Sealdah Duronto,LHU,LOHARU,24.0,37.5,56.25,6.25,0.0,Slight Delay (15-60 min),66.875
12260,Sealdah Duronto,NDLS,NEW DELHI,8.0,93.75,0.0,6.25,0.0,On Time (0-15 min),95.0
12260,Sealdah Duronto,CNB,KANPUR CENTRAL,25.0,50.0,43.75,6.25,0.0,Slight Delay (15-60 min),73.125
12260,Sealdah Duronto,DDU,PT DEEN DAYAL UPADHYAY JN,23.0,68.75,18.75,12.5,0.0,Slight Delay (15-60 min),80.625
12260,Sealdah Duronto,DHN,DHANBAD JN,33.0,43.75,43.75,12.5,0.0,Slight Delay (15-60 min),68.125
12260,Sealdah Duronto,SDAH,SEALDAH,55.0,81.25,6.25,12.5,0.0,Slight Delay (15-60 min),86.875
12261,Howrah Duronto,CSMT,C SHIVAJI TERM MUMBAI,231.0,46.41,6.22,47.37,0.0,Severe Delay (200+ min),58.994
12261,Howrah Duronto,KYN,KALYAN JN,261.0,36.36,10.53,52.63,0.48,Severe Delay (200+ min),52.295
12261,Howrah Duronto,BSL,BHUSAVAL JN,305.0,11.48,31.1,57.42,0.0,Severe Delay (200+ min),38.513999999999996
12261,Howrah Duronto,AK,AKOLA JN,448.0,0.96,0.96,4.31,93.77,Severe Delay (200+ min),30.433
12261,Howrah Duronto,NGP,NAGPUR,305.0,27.75,16.75,55.5,0.0,Severe Delay (200+ min),47.225
12261,Howrah Duronto,BSP,BILASPUR JN,298.0,25.36,20.1,54.55,0.0,Severe Delay (200+ min),46.315
12261,Howrah Duronto,TATA,TATANAGAR JN,530.0,0.48,0.0,99.04,0.48,Severe Delay (200+ min),20.432
12261,Howrah Duronto,HWH,HOWRAH JN,586.0,0.48,0.0,99.04,0.48,Severe Delay (200+ min),20.432
12262,Howrah Duronto,HWH,HOWRAH JN,92.0,62.5,6.25,31.25,0.0,Significant Delay (60-200 min),71.875
12262,Howrah Duronto,TATA,TATANAGAR JN,147.0,6.25,43.75,50.0,0.0,Significant Delay (60-200 min),38.125
12262,Howrah Duronto,BSP,BILASPUR JN,301.0,18.75,0.0,81.25,0.0,Severe Delay (200+ min),35.0
12262,Howrah Duronto,AK,AKOLA JN,411.0,6.25,0.0,68.75,25.0,Severe Delay (200+ min),27.5
12262,Howrah Duronto,KYN,KALYAN JN,482.0,6.25,0.0,93.75,0.0,Severe Delay (200+ min),25.0
12262,Howrah Duronto,CSMT,C SHIVAJI TERM MUMBAI,468.0,6.25,0.0,93.75,0.0,Severe Delay (200+ min),25.0
12301,Howrah Rajdhani,ASN,ASANSOL JN,16.0,56.0,44.0,0.0,0.0,Slight Delay (15-60 min),78.0
12301,Howrah Rajdhani,DHN,DHANBAD JN,3.0,100.0,0.0,0.0,0.0,On Time (0-15 min),100.0
12301,Howrah Rajdhani,PNME,PARASNATH,6.0,100.0,0.0,0.0,0.0,On Time (0-15 min),100.0
12301,Howrah Rajdhani,DDU,PT DEEN DAYAL UPADHYAY JN,15.0,92.0,4.0,4.0,0.0,On Time (0-15 min),94.8
12301,Howrah Rajdhani,PRYJ,PRAYAGRAJ JN,15.0,92.0,4.0,4.0,0.0,On Time (0-15 min),94.8
12301,Howrah Rajdhani,CNB,KANPUR CENTRAL,19.0,76.0,20.0,4.0,0.0,Slight Delay (15-60 min),86.8
12301,Howrah Rajdhani,NDLS,NEW DELHI,22.0,76.0,20.0,4.0,0.0,Slight Delay (15-60 min),86.8
12302,Howrah Rajdhani,CNB,KANPUR CENTRAL,22.0,84.62,7.69,7.69,0.0,Slight Delay (15-60 min),90.003
12302,Howrah Rajdhani,PRYJ,PRAYAGRAJ JN,22.0,76.92,15.38,7.69,0.01,Slight Delay (15-60 min),86.15100000000001
12302,Howrah Rajdhani,DDU,PT DEEN DAYAL UPADHYAY JN,20.0,84.62,7.69,7.69,0.0,Slight Delay (15-60 min),90.003
12302,Howrah Rajdhani,GAYA,GAYA JN,23.0,73.08,19.23,7.69,0.0,Slight Delay (15-60 min),84.233
12302,Howrah Rajdhani,PNME,PARASNATH,34.0,46.15,46.15,7.69,0.01,Slight Delay (15-60 min),70.766
12302,Howrah Rajdhani,DHN,DHANBAD JN,20.0,88.46,3.85,7.69,0.0,Slight Delay (15-60 min),91.923
12302,Howrah Rajdhani,ASN,ASANSOL JN,40.0,50.0,38.46,11.54,0.0,Slight Delay (15-60 min),71.538
12302,Howrah Rajdhani,HWH,HOWRAH JN,30.0,84.62,3.85,11.54,0.0,Slight Delay (15-60 min),88.848
12305,Kolkata Rajdhani,HWH,HOWRAH JN,2.0,100.0,0.0,0.0,0.0,On Time (0-15 min),100.0
12305,Kolkata Rajdhani,BWN,BARDDHAMAN JN,19.0,0.0,100.0,0.0,0.0,Slight Delay (15-60 min),50.0
12305,Kolkata Rajdhani,MDP,MADHUPUR JN,26.0,20.0,80.0,0.0,0.0,Slight Delay (15-60 min),60.0
12305,Kolkata Rajdhani,PNBE,PATNA JN,2.0,100.0,0.0,0.0,0.0,On Time (0-15 min),100.0
12305,Kolkata Rajdhani,DDU,PT DEEN DAYAL UPADHYAY JN,11.0,60.0,40.0,0.0,0.0,On Time (0-15 min),80.0
12305,Kolkata Rajdhani,PRYJ,PRAYAGRAJ JN,12.0,60.0,40.0,0.0,0.0,On Time (0-15 min),80.0
12305,Kolkata Rajdhani,CNB,KANPUR CENTRAL,21.0,40.0,60.0,0.0,0.0,Slight Delay (15-60 min),70.0
12305,Kolkata Rajdhani,NDLS,NEW DELHI,16.0,60.0,40.0,0.0,0.0,Slight Delay (15-60 min),80.0
12306,Kolkata Rajdhani,NDLS,NEW DELHI,1.0,100.0,0.0,0.0,0.0,On Time (0-15 min),100.0
12306,Kolkata Rajdhani,CNB,KANPUR CENTRAL,4.0,100.0,0.0,0.0,0.0,On Time (0-15 min),100.0
12306,Kolkata Rajdhani,PRYJ,PRAYAGRAJ JN,4.0,100.0,0.0,0.0,0.0,On Time (0-15 min),100.0
12306,Kolkata Rajdhani,DDU,PT DEEN DAYAL UPADHYAY JN,0.0,100.0,0.0,0.0,0.0,,100.0
12306,Kolkata Rajdhani,PNBE,PATNA JN,1.0,100.0,0.0,0.0,0.0,On Time (0-15 min),100.0
12306,Kolkata Rajdhani,JSME,JASIDIH JN,1.0,100.0,0.0,0.0,0.0,On Time (0-15 min),100.0
12306,Kolkata Rajdhani,MDP,MADHUPUR JN,2.0,100.0,0.0,0.0,0.0,On Time (0-15 min),100.0
12306,Kolkata Rajdhani,BWN,BARDDHAMAN JN,0.0,100.0,0.0,0.0,0.0,,100.0
12313,Sealdah Rajdhani,SDAH,SEALDAH,0.0,100.0,0.0,0.0,0.0,,100.0
12313,Sealdah Rajdhani,DGR,DURGAPUR,8.0,93.33,6.67,0.0,0.0,On Time (0-15 min),96.66499999999999
12313,Sealdah Rajdhani,ASN,ASANSOL JN,14.0,76.67,23.33,0.0,0.0,On Time (0-15 min),88.33500000000001
12313,Sealdah Rajdhani,DHN,DHANBAD JN,2.0,96.67,3.33,0.0,0.0,On Time (0-15 min),98.33500000000001
12313,Sealdah Rajdhani,GAYA,GAYA JN,9.0,96.67,0.0,3.33,0.0,On Time (0-15 min),97.336
12313,Sealdah Rajdhani,DDU,PT DEEN DAYAL UPADHYAY JN,12.0,93.33,3.33,3.33,0.01,On Time (0-15 min),95.664
12313,Sealdah Rajdhani,CNB,KANPUR CENTRAL,17.0,76.67,20.0,3.33,0.0,Slight Delay (15-60 min),87.336
12313,Sealdah Rajdhani,NDLS,NEW DELHI,11.0,83.33,13.33,3.33,0.01,On Time (0-15 min),90.664
12314,Sealdah Rajdhani,NDLS,NEW DELHI,9.0,96.67,0.0,3.33,0.0,On Time (0-15 min),97.336
12314,Sealdah Rajdhani,CNB,KANPUR CENTRAL,23.0,80.0,13.33,6.67,0.0,Slight Delay (15-60 min),87.999
12314,Sealdah Rajdhani,GAYA,GAYA JN,24.0,83.33,10.0,6.67,0.0,Slight Delay (15-60 min),89.664
12314,Sealdah Rajdhani,DGR,DURGAPUR,40.0,13.33,76.67,10.0,0.0,Slight Delay (15-60 min),53.665
12314,Sealdah Rajdhani,SDAH,SEALDAH,19.0,86.67,3.33,10.0,0.0,Slight Delay (15-60 min),90.33500000000001
12423,Dibrugarh Rajdhani,DBRG,DIBRUGARH,2.0,96.67,3.33,0.0,0.0,On Time (0-15 min),98.33500000000001
12423,Dibrugarh Rajdhani,NTSK,NEW TINSUKIA JN,13.0,73.33,23.33,3.33,0.01,On Time (0-15 min),85.664
12423,Dibrugarh Rajdhani,MXN,MARIANI JN,21.0,50.0,46.67,3.33,0.0,Slight Delay (15-60 min),74.001
12423,Dibrugarh Rajdhani,DMV,DIMAPUR,22.0,50.0,46.67,3.33,0.0,Slight Delay (15-60 min),74.001
12423,Dibrugarh Rajdhani,LMG,LUMDING JN,33.0,30.0,60.0,10.0,0.0,Slight Delay (15-60 min),62.0
12423,Dibrugarh Rajdhani,GHY,GUWAHATI,25.0,43.33,53.33,3.33,0.01,Slight Delay (15-60 min),70.664
12423,Dibrugarh Rajdhani,NBQ,NEW BONGAIGAON,13.0,70.0,26.67,3.33,0.0,On Time (0-15 min),84.001
12423,Dibrugarh Rajdhani,KOJ,KOKRAJHAR,19.0,63.33,30.0,6.67,0.0,Slight Delay (15-60 min),79.664
12423,Dibrugarh Rajdhani,NCB,NEW COOCH BEHAR,30.0,30.0,63.33,6.67,0.0,Slight Delay (15-60 min),62.998999999999995
12423,Dibrugarh Rajdhani,NJP,NEW JALPAIGURI,17.0,63.33,30.0,6.67,0.0,Slight Delay (15-60 min),79.664
12423,Dibrugarh Rajdhani,KIR,KATIHAR JN,5.0,90.0,6.67,3.33,0.0,On Time (0-15 min),94.001
12423,Dibrugarh Rajdhani,NNA,NAUGACHIA,8.0,90.0,6.67,3.33,0.0,On Time (0-15 min),94.001
12423,Dibrugarh Rajdhani,MNE,MANSI JN,15.0,66.67,30.0,3.33,0.0,On Time (0-15 min),82.336
12423,Dibrugarh Rajdhani,PPTA,PATLIPUTRA,7.0,90.0,6.67,3.33,0.0,On Time (0-15 min),94.001
12423,Dibrugarh Rajdhani,DNR,DANAPUR,11.0,86.67,6.67,6.67,0.0,On Time (0-15 min),91.334
12423,Dibrugarh Rajdhani,DDU,PT DEEN DAYAL UPADHYAY JN,10.0,83.33,16.67,0.0,0.0,On Time (0-15 min),91.66499999999999
12423,Dibrugarh Rajdhani,PRYJ,PRAYAGRAJ JN,12.0,80.0,13.33,6.67,0.0,On Time (0-15 min),87.999
12423,Dibrugarh Rajdhani,CNB,KANPUR CENTRAL,17.0,60.0,33.33,6.67,0.0,Slight Delay (15-60 min),77.999
12423,Dibrugarh Rajdhani,NDLS,NEW DELHI,11.0,83.33,13.33,3.33,0.01,On Time (0-15 min),90.664
12424,Dibrugarh Rajdhani,CNB,KANPUR CENTRAL,13.0,90.0,6.67,3.33,0.0,On Time (0-15 min),94.001
12424,Dibrugarh Rajdhani,PRYJ,PRAYAGRAJ JN,17.0,83.33,13.33,3.33,0.01,Slight Delay (15-60 min),90.664
12424,Dibrugarh Rajdhani,DDU,PT DEEN DAYAL UPADHYAY JN,8.0,96.67,0.0,3.33,0.0,On Time (0-15 min),97.336
12424,Dibrugarh Rajdhani,PPTA,PATLIPUTRA,9.0,96.67,0.0,3.33,0.0,On Time (0-15 min),97.336
12424,Dibrugarh Rajdhani,BJU,BARAUNI JN,7.0,93.33,3.33,3.33,0.01,On Time (0-15 min),95.664
12424,Dibrugarh Rajdhani,MNE,MANSI JN,17.0,83.33,13.33,3.33,0.01,Slight Delay (15-60 min),90.664
12424,Dibrugarh Rajdhani,NNA,NAUGACHIA,21.0,56.67,40.0,3.33,0.0,Slight Delay (15-60 min),77.336
12424,Dibrugarh Rajdhani,KIR,KATIHAR JN,15.0,83.33,13.33,3.33,0.01,On Time (0-15 min),90.664
12424,Dibrugarh Rajdhani,NJP,NEW JALPAIGURI,24.0,56.67,40.0,3.33,0.0,Slight Delay (15-60 min),77.336
12424,Dibrugarh Rajdhani,NCB,NEW COOCH BEHAR,15.0,83.33,13.33,3.33,0.01,On Time (0-15 min),90.664
12424,Dibrugarh Rajdhani,KOJ,KOKRAJHAR,30.0,33.33,63.33,3.33,0.01,Slight Delay (15-60 min),65.664
12424,Dibrugarh Rajdhani,NBQ,NEW BONGAIGAON,19.0,80.0,16.67,3.33,0.0,Slight Delay (15-60 min),89.001
12424,Dibrugarh Rajdhani,RNY,RANGIYA JN,34.0,36.67,56.67,6.67,0.0,Slight Delay (15-60 min),66.334
12424,Dibrugarh Rajdhani,GHY,GUWAHATI,30.0,53.33,40.0,6.67,0.0,Slight Delay (15-60 min),74.664
12424,Dibrugarh Rajdhani,LMG,LUMDING JN,23.0,70.0,23.33,6.67,0.0,Slight Delay (15-60 min),82.999
12424,Dibrugarh Rajdhani,DPU,DIPHU,26.0,70.0,20.0,10.0,0.0,Slight Delay (15-60 min),82.0
12424,Dibrugarh Rajdhani,MXN,MARIANI JN,27.0,66.67,23.33,10.0,0.0,Slight Delay (15-60 min),80.33500000000001
12424,Dibrugarh Rajdhani,NTSK,NEW TINSUKIA JN,49.0,23.33,63.33,13.33,0.01,Slight Delay (15-60 min),57.664
12424,Dibrugarh Rajdhani,DBRG,DIBRUGARH,15.0,70.0,16.67,13.33,0.0,On Time (0-15 min),81.001
12953,August Kranti Rajdhani,MMCT,MUMBAI CENTRAL,1.0,100.0,0.0,0.0,0.0,On Time (0-15 min),100.0
12953,August Kranti Rajdhani,BVI,BORIVALI,9.0,86.67,13.33,0.0,0.0,On Time (0-15 min),93.33500000000001
12953,August Kranti Rajdhani,VAPI,VAPI,14.0,63.33,36.67,0.0,0.0,On Time (0-15 min),81.66499999999999
12953,August Kranti Rajdhani,BL,VALSAD,11.0,80.0,20.0,0.0,0.0,On Time (0-15 min),90.0
12953,August Kranti Rajdhani,ST,SURAT,7.0,93.33,6.67,0.0,0.0,On Time (0-15 min),96.66499999999999
12953,August Kranti Rajdhani,BRC,VADODARA JN,10.0,83.33,16.67,0.0,0.0,On Time (0-15 min),91.66499999999999
12953,August Kranti Rajdhani,DHD,DAHOD,13.0,63.33,36.67,0.0,0.0,On Time (0-15 min),81.66499999999999
12953,August Kranti Rajdhani,RTM,RATLAM JN,10.0,80.0,20.0,0.0,0.0,On Time (0-15 min),90.0
12953,August Kranti Rajdhani,KOTA,KOTA JN,9.0,73.33,23.33,3.33,0.01,On Time (0-15 min),85.664
12953,August Kranti Rajdhani,SWM,SAWAI MADHOPUR,15.0,66.67,30.0,3.33,0.0,On Time (0-15 min),82.336
12953,August Kranti Rajdhani,MTJ,MATHURA JN,8.0,96.67,0.0,3.33,0.0,On Time (0-15 min),97.336
12953,August Kranti Rajdhani,NZM,H NIZAMUDDIN,7.0,90.0,6.67,3.33,0.0,On Time (0-15 min),94.001
12954,August Kranti Rajdhani,NZM,H NIZAMUDDIN,0.0,100.0,0.0,0.0,0.0,,100.0
12954,August Kranti Rajdhani,MTJ,MATHURA JN,6.0,96.67,3.33,0.0,0.0,On Time (0-15 min),98.33500000000001
12954,August Kranti Rajdhani,SWM,SAWAI MADHOPUR,13.0,76.67,20.0,3.33,0.0,On Time (0-15 min),87.336
12954,August Kranti Rajdhani,KOTA,KOTA JN,23.0,43.33,50.0,6.67,0.0,Slight Delay (15-60 min),69.664
12954,August Kranti Rajdhani,RTM,RATLAM JN,20.0,66.67,26.67,6.67,0.0,Slight Delay (15-60 min),81.334
12954,August Kranti Rajdhani,BH,BHARUCH JN,15.0,86.67,6.67,6.67,0.0,On Time (0-15 min),91.334
12954,August Kranti Rajdhani,ST,SURAT,14.0,90.0,3.33,6.67,0.0,On Time (0-15 min),92.999
12954,August Kranti Rajdhani,BL,VALSAD,14.0,86.67,6.67,6.67,0.0,On Time (0-15 min),91.334
12954,August Kranti Rajdhani,VAPI,VAPI,23.0,83.33,10.0,6.67,0.0,Slight Delay (15-60 min),89.664
12954,August Kranti Rajdhani,BVI,BORIVALI,29.0,36.67,53.33,10.0,0.0,Slight Delay (15-60 min),65.33500000000001
12954,August Kranti Rajdhani,MMCT,MUMBAI CENTRAL,16.0,86.67,6.67,6.67,0.0,Slight Delay (15-60 min),91.334
12957,Swarna Jayanti Rajdhani,SBIB,SABARMATI BG,7.0,96.67,0.0,3.33,0.0,On Time (0-15 min),97.336
12957,Swarna Jayanti Rajdhani,MSH,MAHESANA JN,8.0,93.33,3.33,3.33,0.01,On Time (0-15 min),95.664
12957,Swarna Jayanti Rajdhani,ABR,ABU ROAD,8.0,96.67,0.0,3.33,0.0,On Time (0-15 min),97.336
12957,Swarna Jayanti Rajdhani,FA,FALNA,6.0,96.67,0.0,3.33,0.0,On Time (0-15 min),97.336
12957,Swarna Jayanti Rajdhani,AII,AJMER JN,6.0,96.67,0.0,3.33,0.0,On Time (0-15 min),97.336
12957,Swarna Jayanti Rajdhani,JP,JAIPUR,7.0,96.67,0.0,3.33,0.0,On Time (0-15 min),97.336
12957,Swarna Jayanti Rajdhani,GGN,GURGAON,14.0,96.67,0.0,3.33,0.0,On Time (0-15 min),97.336
12957,Swarna Jayanti Rajdhani,DEC,DELHI CANTT,15.0,96.67,0.0,3.33,0.0,On Time (0-15 min),97.336
12958,Swarna Jayanti Rajdhani,DEC,DELHI CANTT,4.0,100.0,0.0,0.0,0.0,On Time (0-15 min),100.0
12958,Swarna Jayanti Rajdhani,GGN,GURGAON,7.0,93.33,6.67,0.0,0.0,On Time (0-15 min),96.66499999999999
12958,Swarna Jayanti Rajdhani,AII,AJMER JN,16.0,63.33,36.67,0.0,0.0,Slight Delay (15-60 min),81.66499999999999
12958,Swarna Jayanti Rajdhani,FA,FALNA,16.0,53.33,46.67,0.0,0.0,Slight Delay (15-60 min),76.66499999999999
12958,Swarna Jayanti Rajdhani,ABR,ABU ROAD,10.0,73.33,26.67,0.0,0.0,On Time (0-15 min),86.66499999999999
12958,Swarna Jayanti Rajdhani,PNU,PALANPUR JN,4.0,90.0,10.0,0.0,0.0,On Time (0-15 min),95.0
12958,Swarna Jayanti Rajdhani,MSH,MAHESANA JN,6.0,86.67,13.33,0.0,0.0,On Time (0-15 min),93.33500000000001
22221,Mumbai Vande Bharat,CSMT,C SHIVAJI TERM MUMBAI,1.0,96.67,3.33,0.0,0.0,On Time (0-15 min),98.33500000000001
22221,Mumbai Vande Bharat,KYN,KALYAN JN,9.0,86.67,13.33,0.0,0.0,On Time (0-15 min),93.33500000000001
22221,Mumbai Vande Bharat,BSL,BHUSAVAL JN,12.0,80.0,20.0,0.0,0.0,On Time (0-15 min),90.0
22221,Mumbai Vande Bharat,BPL,BHOPAL JN,12.0,86.67,10.0,3.33,0.0,On Time (0-15 min),92.336
22221,Mumbai Vande Bharat,VGLJ,V LAKSHMIBAI JHANSI,9.0,93.33,3.33,3.33,0.01,On Time (0-15 min),95.664
22221,Mumbai Vande Bharat,GWL,GWALIOR,14.0,83.33,13.33,3.33,0.01,On Time (0-15 min),90.664
22222,Mumbai Vande Bharat,NZM,H NIZAMUDDIN,1.0,96.67,3.33,0.0,0.0,On Time (0-15 min),98.33500000000001
22222,Mumbai Vande Bharat,AGC,AGRA CANTT,16.0,70.0,30.0,0.0,0.0,Slight Delay (15-60 min),85.0
22222,Mumbai Vande Bharat,GWL,GWALIOR,13.0,80.0,20.0,0.0,0.0,On Time (0-15 min),90.0
22222,Mumbai Vande Bharat,VGLJ,V LAKSHMIBAI JHANSI,5.0,93.33,6.67,0.0,0.0,On Time (0-15 min),96.66499999999999
22222,Mumbai Vande Bharat,BPL,BHOPAL JN,23.0,53.33,43.33,3.33,0.01,Slight Delay (15-60 min),75.664
22222,Mumbai Vande Bharat,BSL,BHUSAVAL JN,22.0,60.0,36.67,3.33,0.0,Slight Delay (15-60 min),79.001
22222,Mumbai Vande Bharat,JL,JALGAON JN,25.0,40.0,56.67,3.33,0.0,Slight Delay (15-60 min),69.001
22222,Mumbai Vande Bharat,NK,NASIK ROAD,23.0,53.33,43.33,3.33,0.01,Slight Delay (15-60 min),75.664
22222,Mumbai Vande Bharat,KYN,KALYAN JN,22.0,56.67,40.0,3.33,0.0,Slight Delay (15-60 min),77.336
22225,Chennai Vande Bharat,CSMT,C SHIVAJI TERM MUMBAI,2.0,100.0,0.0,0.0,0.0,On Time (0-15 min),100.0
22225,Chennai Vande Bharat,DR,DADAR,5.0,100.0,0.0,0.0,0.0,On Time (0-15 min),100.0
22225,Chennai Vande Bharat,TNA,THANE,6.0,100.0,0.0,0.0,0.0,On Time (0-15 min),100.0
22225,Chennai Vande Bharat,KYN,KALYAN JN,12.0,80.77,19.23,0.0,0.0,On Time (0-15 min),90.38499999999999
22225,Chennai Vande Bharat,PUNE,PUNE JN,16.0,61.54,34.62,3.85,0.0,Slight Delay (15-60 min),79.615
22225,Chennai Vande Bharat,KWV,KURDUVADI,16.0,61.54,34.62,3.85,0.0,Slight Delay (15-60 min),79.615
22225,Chennai Vande Bharat,SUR,SOLAPUR JN,3.0,96.15,3.85,0.0,0.0,On Time (0-15 min),98.075
22226,Chennai Vande Bharat,SUR,SOLAPUR JN,1.0,100.0,0.0,0.0,0.0,On Time (0-15 min),100.0
22226,Chennai Vande Bharat,KWV,KURDUVADI,6.0,100.0,0.0,0.0,0.0,On Time (0-15 min),100.0
22226,Chennai Vande Bharat,PUNE,PUNE JN,5.0,100.0,0.0,0.0,0.0,On Time (0-15 min),100.0
22226,Chennai Vande Bharat,TNA,THANE,18.0,42.31,53.85,3.85,0.0,Slight Delay (15-60 min),70.0
22226,Chennai Vande Bharat,DR,DADAR,19.0,38.46,57.69,3.85,0.0,Slight Delay (15-60 min),68.075
22226,Chennai Vande Bharat,CSMT,C SHIVAJI TERM MUMBAI,13.0,88.46,7.69,3.85,0.0,On Time (0-15 min),93.07499999999999
11013,Coimbatore Express,TNA,THANE,26.0,76.67,10.0,13.33,0.0,Slight Delay (15-60 min),84.336
11013,Coimbatore Express,KYN,KALYAN JN,30.0,60.0,26.67,13.33,0.0,Slight Delay (15-60 min),76.001
11013,Coimbatore Express,KWV,KURDUVADI,60.0,3.33,70.0,26.67,0.0,Slight Delay (15-60 min),43.664
11013,Coimbatore Express,SUR,SOLAPUR JN,51.0,20.0,63.33,16.67,0.0,Slight Delay (15-60 min),54.998999999999995
11013,Coimbatore Express,DUD,DUDHANI,63.0,10.0,60.0,30.0,0.0,Significant Delay (60-200 min),46.0
11013,Coimbatore Express,GUR,GANAGAPUR ROAD,67.0,6.67,56.67,36.67,0.0,Significant Delay (60-200 min),42.334
11013,Coimbatore Express,KLBG,KALABURAGI JN,66.0,6.67,56.67,36.67,0.0,Significant Delay (60-200 min),42.334
11013,Coimbatore Express,SDB,SHAHABAD,54.0,13.33,70.0,16.67,0.0,Slight Delay (15-60 min),51.664
11013,Coimbatore Express,WADI,WADI,26.0,70.0,16.67,13.33,0.0,Slight Delay (15-60 min),81.001
11013,Coimbatore Express,YG,YADGIR,31.0,60.0,26.67,13.33,0.0,Slight Delay (15-60 min),76.001
11013,Coimbatore Express,KSN,KRISHNA,29.0,63.33,23.33,13.33,0.01,Slight Delay (15-60 min),77.664
11013,Coimbatore Express,RC,RAICHUR,28.0,63.33,23.33,13.33,0.01,Slight Delay (15-60 min),77.664
11013,Coimbatore Express,MALM,MANTHRALAYAM RD,31.0,60.0,26.67,13.33,0.0,Slight Delay (15-60 min),76.001
11013,Coimbatore Express,AD,ADONI,36.0,43.33,43.33,13.33,0.01,Slight Delay (15-60 min),67.664
11013,Coimbatore Express,GTL,GUNTAKAL JN,29.0,56.67,33.33,10.0,0.0,Slight Delay (15-60 min),75.33500000000001
11013,Coimbatore Express,ATP,ANANTAPUR,28.0,56.67,33.33,10.0,0.0,Slight Delay (15-60 min),75.33500000000001
11013,Coimbatore Express,DMM,DHARMAVARAM JN,18.0,83.33,6.67,10.0,0.0,Slight Delay (15-60 min),88.66499999999999
11013,Coimbatore Express,BNC,BANGALORE CANT,30.0,26.67,63.33,10.0,0.0,Slight Delay (15-60 min),60.335
11013,Coimbatore Express,SBC,KSR BANGALORE CY JN,14.0,83.33,10.0,6.67,0.0,On Time (0-15 min),89.664
11013,Coimbatore Express,DPJ,DHARMAPURI,61.0,3.33,53.33,43.33,0.01,Significant Delay (60-200 min),38.664
11013,Coimbatore Express,ED,ERODE JN,26.0,40.0,43.33,16.67,0.0,Slight Delay (15-60 min),64.999
11013,Coimbatore Express,TUP,TIRUPPUR,31.0,23.33,63.33,13.33,0.01,Slight Delay (15-60 min),57.664
11014,Coimbatore Express,CBE,COIMBATORE JN,1.0,100.0,0.0,0.0,0.0,On Time (0-15 min),100.0
11014,Coimbatore Express,ED,ERODE JN,9.0,93.33,6.67,0.0,0.0,On Time (0-15 min),96.66499999999999
11014,Coimbatore Express,SA,SALEM JN,14.0,83.33,13.33,3.33,0.01,On Time (0-15 min),90.664
11014,Coimbatore Express,DPJ,DHARMAPURI,23.0,43.33,53.33,3.33,0.01,Slight Delay (15-60 min),70.664
11014,Coimbatore Express,HSRA,HOSUR,31.0,23.33,73.33,3.33,0.01,Slight Delay (15-60 min),60.664
11014,Coimbatore Express,BNC,BANGALORE CANT,34.0,30.0,63.33,6.67,0.0,Slight Delay (15-60 min),62.998999999999995
11014,Coimbatore Express,SBC,KSR BANGALORE CY JN,36.0,23.33,63.33,13.33,0.01,Slight Delay (15-60 min),57.664
11014,Coimbatore Express,GBD,GAURIBIDANUR,50.0,3.33,76.67,20.0,0.0,Slight Delay (15-60 min),45.665
11014,Coimbatore Express,HUP,HINDUPUR,40.0,16.67,70.0,13.33,0.0,Slight Delay (15-60 min),54.336
11014,Coimbatore Express,SSPN,SAI P NILAYAM,24.0,60.0,33.33,6.67,0.0,Slight Delay (15-60 min),77.999
11014,Coimbatore Express,ATP,ANANTAPUR,19.0,70.0,26.67,3.33,0.0,Slight Delay (15-60 min),84.001
11014,Coimbatore Express,GTL,GUNTAKAL JN,39.0,10.0,80.0,10.0,0.0,Slight Delay (15-60 min),52.0
11014,Coimbatore Express,AD,ADONI,40.0,20.0,70.0,10.0,0.0,Slight Delay (15-60 min),57.0
11014,Coimbatore Express,MALM,MANTHRALAYAM RD,32.0,43.33,50.0,6.67,0.0,Slight Delay (15-60 min),69.664
11014,Coimbatore Express,KSN,KRISHNA,45.0,16.67,16.67,6.67,59.99,Slight Delay (15-60 min),44.336000000000006
11014,Coimbatore Express,YG,YADGIR,39.0,16.67,73.33,10.0,0.0,Slight Delay (15-60 min),55.335
11014,Coimbatore Express,WADI,WADI,13.0,76.67,20.0,3.33,0.0,On Time (0-15 min),87.336
11014,Coimbatore Express,SDB,SHAHABAD,14.0,73.33,23.33,3.33,0.01,On Time (0-15 min),85.664
11014,Coimbatore Express,KLBG,KALABURAGI JN,19.0,66.67,30.0,3.33,0.0,Slight Delay (15-60 min),82.336
11014,Coimbatore Express,GUR,GANAGAPUR ROAD,20.0,56.67,40.0,3.33,0.0,Slight Delay (15-60 min),77.336
11014,Coimbatore Express,SUR,SOLAPUR JN,27.0,50.0,46.67,3.33,0.0,Slight Delay (15-60 min),74.001
11014,Coimbatore Express,KWV,KURDUVADI,37.0,20.0,76.67,3.33,0.0,Slight Delay (15-60 min),59.001
11014,Coimbatore Express,DD,DAUND JN,8.0,93.33,3.33,3.33,0.01,On Time (0-15 min),95.664
11014,Coimbatore Express,PUNE,PUNE JN,20.0,43.33,53.33,3.33,0.01,Slight Delay (15-60 min),70.664
11014,Coimbatore Express,KYN,KALYAN JN,60.0,10.0,63.33,26.67,0.0,Slight Delay (15-60 min),46.998999999999995
11014,Coimbatore Express,TNA,THANE,61.0,6.67,66.67,26.67,0.0,Significant Delay (60-200 min),45.334
11014,Coimbatore Express,LTT,LOKMANYATILAK T,44.0,56.67,16.67,26.67,0.0,Slight Delay (15-60 min),70.334
11027,Mumbai Chennai Mail,DR,DADAR,1.0,100.0,0.0,0.0,0.0,On Time (0-15 min),100.0
11027,Mumbai Chennai Mail,TNA,THANE,3.0,100.0,0.0,0.0,0.0,On Time (0-15 min),100.0
11027,Mumbai Chennai Mail,KYN,KALYAN JN,14.0,61.54,38.46,0.0,0.0,On Time (0-15 min),80.77
11027,Mumbai Chennai Mail,LNL,LONAVALA,17.0,53.85,46.15,0.0,0.0,Slight Delay (15-60 min),76.925
11027,Mumbai Chennai Mail,TGN,TALEGAON,20.0,30.77,69.23,0.0,0.0,Slight Delay (15-60 min),65.38499999999999
11027,Mumbai Chennai Mail,CCH,CHINCHVAD,18.0,38.46,61.54,0.0,0.0,Slight Delay (15-60 min),69.23
11027,Mumbai Chennai Mail,PUNE,PUNE JN,21.0,61.54,30.77,7.69,0.0,Slight Delay (15-60 min),78.463
11027,Mumbai Chennai Mail,URI,URULI,28.0,15.38,76.92,7.69,0.01,Slight Delay (15-60 min),55.381
11027,Mumbai Chennai Mail,KDG,KEDGAON,31.0,7.69,84.62,7.69,0.0,Slight Delay (15-60 min),51.538
11027,Mumbai Chennai Mail,DD,DAUND JN,27.0,23.08,69.23,7.69,0.0,Slight Delay (15-60 min),59.233000000000004
11027,Mumbai Chennai Mail,BGVN,BHIGWAN,29.0,15.38,76.92,7.69,0.01,Slight Delay (15-60 min),55.381
11027,Mumbai Chennai Mail,JEUR,JEUR,41.0,0.0,84.62,15.38,0.0,Slight Delay (15-60 min),45.385999999999996
11027,Mumbai Chennai Mail,KEM,KEM,44.0,0.0,84.62,15.38,0.0,Slight Delay (15-60 min),45.385999999999996
11027,Mumbai Chennai Mail,KWV,KURDUVADI,46.0,0.0,84.62,15.38,0.0,Slight Delay (15-60 min),45.385999999999996
11027,Mumbai Chennai Mail,SGLA,SANGOLA,35.0,7.69,76.92,15.38,0.01,Slight Delay (15-60 min),49.229
11027,Mumbai Chennai Mail,MSDG,MHASODA DONGAR,34.0,15.38,69.23,15.38,0.01,Slight Delay (15-60 min),53.074
11027,Mumbai Chennai Mail,JTRD,JATH ROAD,44.0,0.0,84.62,15.38,0.0,Slight Delay (15-60 min),45.385999999999996
11027,Mumbai Chennai Mail,DLGN,DHALGAON,51.0,0.0,84.62,15.38,0.0,Slight Delay (15-60 min),45.385999999999996
11027,Mumbai Chennai Mail,KVK,KAVATHE MAHANKL,55.0,0.0,76.92,23.08,0.0,Slight Delay (15-60 min),43.076
11027,Mumbai Chennai Mail,MRJ,MIRAJ JN,12.0,76.92,23.08,0.0,0.0,On Time (0-15 min),88.46000000000001
11027,Mumbai Chennai Mail,SLI,SANGLI,16.0,69.23,30.77,0.0,0.0,Slight Delay (15-60 min),84.61500000000001
11027,Mumbai Chennai Mail,BVQ,BHILAVDI,18.0,61.54,38.46,0.0,0.0,Slight Delay (15-60 min),80.77
11027,Mumbai Chennai Mail,KOV,KIRLOSKARVADI,19.0,61.54,38.46,0.0,0.0,Slight Delay (15-60 min),80.77
11027,Mumbai Chennai Mail,TKR,TAKARI,21.0,61.54,38.46,0.0,0.0,Slight Delay (15-60 min),80.77
11027,Mumbai Chennai Mail,KRD,KARAD,26.0,46.15,46.15,7.69,0.01,Slight Delay (15-60 min),70.766
11027,Mumbai Chennai Mail,MSR,MASUR,29.0,15.38,76.92,7.69,0.01,Slight Delay (15-60 min),55.381
11027,Mumbai Chennai Mail,KRG,KOREGAON,38.0,0.0,84.62,15.38,0.0,Slight Delay (15-60 min),45.385999999999996
11027,Mumbai Chennai Mail,STR,SATARA,2.0,84.62,15.38,0.0,0.0,On Time (0-15 min),92.31
11028,Mumbai Chennai Mail,STR,SATARA,0.0,100.0,0.0,0.0,0.0,,100.0
11028,Mumbai Chennai Mail,KRG,KOREGAON,13.0,76.92,23.08,0.0,0.0,On Time (0-15 min),88.46000000000001
11028,Mumbai Chennai Mail,MSR,MASUR,21.0,30.77,69.23,0.0,0.0,Slight Delay (15-60 min),65.38499999999999
11028,Mumbai Chennai Mail,KRD,KARAD,19.0,46.15,53.85,0.0,0.0,Slight Delay (15-60 min),73.075
11028,Mumbai Chennai Mail,TKR,TAKARI,11.0,76.92,23.08,0.0,0.0,On Time (0-15 min),88.46000000000001
11028,Mumbai Chennai Mail,KOV,KIRLOSKARVADI,8.0,76.92,23.08,0.0,0.0,On Time (0-15 min),88.46000000000001
11028,Mumbai Chennai Mail,BVQ,BHILAVDI,7.0,76.92,23.08,0.0,0.0,On Time (0-15 min),88.46000000000001
11028,Mumbai Chennai Mail,SLI,SANGLI,6.0,92.31,7.69,0.0,0.0,On Time (0-15 min),96.155
11028,Mumbai Chennai Mail,KVK,KAVATHE MAHANKL,8.0,100.0,0.0,0.0,0.0,On Time (0-15 min),100.0
11028,Mumbai Chennai Mail,JTRD,JATH ROAD,20.0,30.77,69.23,0.0,0.0,Slight Delay (15-60 min),65.38499999999999
11028,Mumbai Chennai Mail,SGLA,SANGOLA,26.0,7.69,92.31,0.0,0.0,Slight Delay (15-60 min),53.845
11028,Mumbai Chennai Mail,PVR,PANDHARPUR,5.0,100.0,0.0,0.0,0.0,On Time (0-15 min),100.0
11028,Mumbai Chennai Mail,KWV,KURDUVADI,33.0,23.08,76.92,0.0,0.0,Slight Delay (15-60 min),61.54
11028,Mumbai Chennai Mail,KEM,KEM,26.0,38.46,61.54,0.0,0.0,Slight Delay (15-60 min),69.23
11028,Mumbai Chennai Mail,JEUR,JEUR,30.0,30.77,69.23,0.0,0.0,Slight Delay (15-60 min),65.38499999999999
11028,Mumbai Chennai Mail,BGVN,BHIGWAN,13.0,46.15,53.85,0.0,0.0,On Time (0-15 min),73.075
11028,Mumbai Chennai Mail,DD,DAUND JN,6.0,84.62,15.38,0.0,0.0,On Time (0-15 min),92.31
11028,Mumbai Chennai Mail,KDG,KEDGAON,10.0,76.92,23.08,0.0,0.0,On Time (0-15 min),88.46000000000001
11028,Mumbai Chennai Mail,URI,URULI,15.0,61.54,38.46,0.0,0.0,On Time (0-15 min),80.77
11028,Mumbai Chennai Mail,PUNE,PUNE JN,18.0,53.85,46.15,0.0,0.0,Slight Delay (15-60 min),76.925
11028,Mumbai Chennai Mail,TGN,TALEGAON,29.0,7.69,92.31,0.0,0.0,Slight Delay (15-60 min),53.845
11028,Mumbai Chennai Mail,LNL,LONAVALA,10.0,69.23,30.77,0.0,0.0,On Time (0-15 min),84.61500000000001
11028,Mumbai Chennai Mail,KYN,KALYAN JN,29.0,23.08,76.92,0.0,0.0,Slight Delay (15-60 min),61.54
11028,Mumbai Chennai Mail,TNA,THANE,29.0,15.38,84.62,0.0,0.0,Slight Delay (15-60 min),57.69
11028,Mumbai Chennai Mail,DR,DADAR,15.0,69.23,30.77,0.0,0.0,On Time (0-15 min),84.61500000000001
12367,Vikramshila Express,BGP,BHAGALPUR,8.0,93.42,0.55,1.64,4.39,On Time (0-15 min),95.34
12367,Vikramshila Express,SGG,SULTANGANJ,12.0,81.64,11.78,1.37,5.21,On Time (0-15 min),89.36699999999999
12367,Vikramshila Express,BUP,BARIARPUR,11.0,85.75,7.67,1.37,5.21,On Time (0-15 min),91.422
12367,Vikramshila Express,JMP,JAMALPUR JN,16.0,65.21,28.22,1.37,5.2,Slight Delay (15-60 min),81.154
12367,Vikramshila Express,DRH,DHARHARA,18.0,48.49,44.93,1.37,5.21,Slight Delay (15-60 min),72.792
12367,Vikramshila Express,AHA,ABHAIPUR,18.0,52.6,40.82,1.37,5.21,Slight Delay (15-60 min),74.847
12367,Vikramshila Express,KJH,KAJRA,20.0,44.66,48.77,1.37,5.2,Slight Delay (15-60 min),70.87899999999999
12367,Vikramshila Express,KIUL,KIUL JN,14.0,79.18,13.97,2.47,4.38,On Time (0-15 min),87.97300000000001
12367,Vikramshila Express,BRYA,BARHIYA,21.0,59.73,33.15,2.74,4.38,Slight Delay (15-60 min),78.167
12367,Vikramshila Express,HTZ,HATHIDAH JN,24.0,43.84,48.77,3.01,4.38,Slight Delay (15-60 min),70.14099999999999
12367,Vikramshila Express,MKA,MOKAMEH JN,30.0,21.92,69.86,3.84,4.38,Slight Delay (15-60 min),58.932
12367,Vikramshila Express,BARH,BARH,38.0,7.4,83.29,4.93,4.38,Slight Delay (15-60 min),51.345
12367,Vikramshila Express,BKP,BAKHTIYARPUR JN,41.0,6.85,81.37,7.4,4.38,Slight Delay (15-60 min),50.329
12367,Vikramshila Express,FUT,FATUHA JN,48.0,2.47,79.18,13.97,4.38,Slight Delay (15-60 min),46.168000000000006
12367,Vikramshila Express,PNC,PATNA SAHEB,48.0,3.29,76.99,15.34,4.38,Slight Delay (15-60 min),46.167
12367,Vikramshila Express,PNBE,PATNA JN,38.0,18.08,67.95,9.59,4.38,Slight Delay (15-60 min),55.287
12367,Vikramshila Express,ARA,ARA,55.0,4.11,68.49,23.01,4.39,Slight Delay (15-60 min),44.274
12367,Vikramshila Express,BXR,BUXAR,65.0,2.74,59.73,33.15,4.38,Significant Delay (60-200 min),40.549
12367,Vikramshila Express,PRYJ,PRAYAGRAJ JN,101.0,2.19,3.01,5.21,89.59,Significant Delay (60-200 min),31.614
12367,Vikramshila Express,CNB,KANPUR CENTRAL,53.0,28.77,45.75,21.1,4.38,Slight Delay (15-60 min),57.179
12367,Vikramshila Express,ANVT,ANAND VIHAR TRM,37.0,71.51,6.85,17.26,4.38,Slight Delay (15-60 min),79.701
12368,Vikramshila Express,BXR,BUXAR,30.0,56.67,23.33,20.0,0.0,Slight Delay (15-60 min),72.33500000000001
12368,Vikramshila Express,ARA,ARA,35.0,46.67,33.33,20.0,0.0,Slight Delay (15-60 min),67.33500000000001
12368,Vikramshila Express,PNBE,PATNA JN,54.0,10.0,63.33,26.67,0.0,Slight Delay (15-60 min),46.998999999999995
12368,Vikramshila Express,PNC,PATNA SAHEB,56.0,10.0,63.33,26.67,0.0,Slight Delay (15-60 min),46.998999999999995
12368,Vikramshila Express,FUT,FATUHA JN,63.0,0.0,66.67,33.33,0.0,Significant Delay (60-200 min),40.001000000000005
12368,Vikramshila Express,KOO,KHUSROPUR,64.0,0.0,70.0,30.0,0.0,Significant Delay (60-200 min),41.0
12368,Vikramshila Express,BARH,BARH,67.0,0.0,70.0,30.0,0.0,Significant Delay (60-200 min),41.0
12368,Vikramshila Express,MKA,MOKAMEH JN,71.0,0.0,63.33,36.67,0.0,Significant Delay (60-200 min),38.998999999999995
12368,Vikramshila Express,BRYA,BARHIYA,75.0,0.0,56.67,43.33,0.0,Significant Delay (60-200 min),37.001000000000005
12368,Vikramshila Express,LKR,LUCKEESARAI JN,67.0,3.33,66.67,30.0,0.0,Significant Delay (60-200 min),42.665
12368,Vikramshila Express,KIUL,KIUL JN,24.0,73.33,13.33,13.33,0.01,Slight Delay (15-60 min),82.664
12368,Vikramshila Express,AHA,ABHAIPUR,26.0,73.33,13.33,13.33,0.01,Slight Delay (15-60 min),82.664
12368,Vikramshila Express,DRH,DHARHARA,26.0,73.33,13.33,13.33,0.01,Slight Delay (15-60 min),82.664
12368,Vikramshila Express,JMP,JAMALPUR JN,34.0,53.33,30.0,16.67,0.0,Slight Delay (15-60 min),71.664
12368,Vikramshila Express,BUP,BARIARPUR,41.0,23.33,60.0,16.67,0.0,Slight Delay (15-60 min),56.664
12368,Vikramshila Express,SGG,SULTANGANJ,34.0,50.0,33.33,16.67,0.0,Slight Delay (15-60 min),69.999
12368,Vikramshila Express,BGP,BHAGALPUR,10.0,80.0,10.0,10.0,0.0,On Time (0-15 min),87.0
15959,Kamrup Express,BDC,BANDEL JN,8.0,90.8,8.81,0.38,0.01,On Time (0-15 min),95.284
15959,Kamrup Express,ABKA,AMBIKA KALNA,13.0,71.65,27.97,0.38,0.0,On Time (0-15 min),85.711
15959,Kamrup Express,KWAE,KATWA,10.0,79.69,19.92,0.38,0.01,On Time (0-15 min),89.729
15959,Kamrup Express,SALE,SALAR,14.0,62.45,37.16,0.38,0.01,On Time (0-15 min),81.10900000000001
15959,Kamrup Express,AZ,AZIMGANJ JN,9.0,85.82,13.03,1.15,0.0,On Time (0-15 min),92.565
15959,Kamrup Express,JRLE,JANGIPUR ROAD,8.0,88.12,10.73,1.15,0.0,On Time (0-15 min),93.715
15959,Kamrup Express,NILE,NIMTITA,12.0,78.16,20.69,1.15,0.0,On Time (0-15 min),88.735
15959,Kamrup Express,DGLE,DHULIAN GANGA,13.0,77.39,21.07,1.53,0.01,On Time (0-15 min),88.234
15959,Kamrup Express,NFK,NEW FARAKKA JN,9.0,90.04,8.05,1.92,0.0,On Time (0-15 min),94.444
15959,Kamrup Express,MLDT,MALDA TOWN,8.0,95.02,3.07,1.92,0.0,On Time (0-15 min),96.934
15959,Kamrup Express,SM,SAMSI,10.0,86.21,11.49,2.3,0.0,On Time (0-15 min),92.41499999999999
15959,Kamrup Express,HCR,HARISCHANDRPUR,11.0,80.08,17.62,2.3,0.0,On Time (0-15 min),89.35
15959,Kamrup Express,BOE,BARSOI JN,17.0,0.77,1.15,0.0,98.08,Slight Delay (15-60 min),30.769000000000002
15959,Kamrup Express,AUB,ALUABARI ROAD,34.0,14.18,78.16,7.66,0.0,Slight Delay (15-60 min),54.792
15959,Kamrup Express,NJP,NEW JALPAIGURI,17.0,68.97,26.05,4.98,0.0,Slight Delay (15-60 min),82.991
15959,Kamrup Express,JPE,JALPAIGURI ROAD,13.0,68.2,26.82,4.98,0.0,On Time (0-15 min),82.606
15959,Kamrup Express,NMX,NEW MAYNAGURI,21.0,58.62,35.63,5.75,0.0,Slight Delay (15-60 min),77.585
15959,Kamrup Express,DQG,DHUPGURI,19.0,65.13,29.5,5.36,0.01,Slight Delay (15-60 min),80.955
15959,Kamrup Express,FLK,FALAKATA,13.0,77.39,18.77,3.83,0.01,On Time (0-15 min),87.544
15959,Kamrup Express,NCB,NEW COOCH BEHAR,13.0,82.76,13.03,4.21,0.0,On Time (0-15 min),90.117
15959,Kamrup Express,NOQ,NEW ALIPURDAUR,12.0,82.76,13.41,3.45,0.38,On Time (0-15 min),90.269
15959,Kamrup Express,KAMG,KAMAKHYAGURI,18.0,74.33,21.46,3.83,0.38,Slight Delay (15-60 min),85.94
15959,Kamrup Express,GOGH,GOSSAIGAON HAT,10.0,1.53,0.38,0.0,98.09,On Time (0-15 min),31.147
15959,Kamrup Express,FKM,FAKIRAGRAM JN,37.0,6.9,85.06,8.05,0.0,Slight Delay (15-60 min),51.035
15959,Kamrup Express,KOJ,KOKRAJHAR,35.0,10.73,80.84,8.43,0.0,Slight Delay (15-60 min),52.836
15959,Kamrup Express,NBQ,NEW BONGAIGAON,17.0,72.8,21.46,5.75,0.0,Slight Delay (15-60 min),84.675
15959,Kamrup Express,BNGN,BONGAIGAON,20.0,65.52,26.05,6.13,2.3,Slight Delay (15-60 min),80.461
15959,Kamrup Express,SBE,SORBHOG JN,23.0,59.39,30.27,8.05,2.29,Slight Delay (15-60 min),76.822
15959,Kamrup Express,BPRD,BARPETA ROAD,24.0,55.17,34.48,8.05,2.3,Slight Delay (15-60 min),74.71000000000001
15959,Kamrup Express,PBL,PATHSALA,27.0,48.28,41.38,8.05,2.29,Slight Delay (15-60 min),71.267
15959,Kamrup Express,TIHU,TIHU,28.0,44.44,44.83,8.43,2.3,Slight Delay (15-60 min),69.231
15959,Kamrup Express,NLV,NALBARI,30.0,41.38,47.89,8.43,2.3,Slight Delay (15-60 min),67.70100000000001
15959,Kamrup Express,RNY,RANGIYA JN,26.0,55.17,34.1,8.43,2.3,Slight Delay (15-60 min),74.596
15959,Kamrup Express,KYQ,KAMAKHYA,23.0,63.6,28.35,8.05,0.0,Slight Delay (15-60 min),79.385
15959,Kamrup Express,GHY,GUWAHATI,32.0,41.0,47.51,11.49,0.0,Slight Delay (15-60 min),67.053
15959,Kamrup Express,CPK,CHAPARMUKH JN,35.0,38.31,47.89,13.79,0.01,Slight Delay (15-60 min),65.016
15959,Kamrup Express,HJI,HOJAI,37.0,36.78,47.51,15.71,0.0,Slight Delay (15-60 min),63.67699999999999
15959,Kamrup Express,LKA,LANKA,36.0,41.0,42.53,16.48,0.0,Slight Delay (15-60 min),65.556
15959,Kamrup Express,LMG,LUMDING JN,47.0,20.69,57.85,21.46,0.0,Slight Delay (15-60 min),53.907
15959,Kamrup Express,DPU,DIPHU,48.0,16.09,62.84,21.07,0.0,Slight Delay (15-60 min),51.724000000000004
15959,Kamrup Express,DMV,DIMAPUR,49.0,17.62,62.07,20.31,0.0,Slight Delay (15-60 min),52.717
15959,Kamrup Express,SZR,SARUPATHAR,47.0,20.69,60.15,19.16,0.0,Slight Delay (15-60 min),54.597
15959,Kamrup Express,BXP,BARPATHAR,48.0,19.92,60.54,19.54,0.0,Slight Delay (15-60 min),54.098
15959,Kamrup Express,FKG,FURKATING JN,21.0,76.63,13.41,9.96,0.0,Slight Delay (15-60 min),85.327
15959,Kamrup Express,MXN,MARIANI JN,39.0,39.46,43.68,16.86,0.0,Slight Delay (15-60 min),64.672
15959,Kamrup Express,AGI,AMGURI,46.0,11.49,70.88,17.62,0.01,Slight Delay (15-60 min),50.457
15959,Kamrup Express,SLGR,SIMALUGURI JN,42.0,21.46,63.22,15.33,0.0,Slight Delay (15-60 min),56.131
15959,Kamrup Express,BOJ,BHOJO,51.0,9.2,72.03,18.77,0.0,Slight Delay (15-60 min),48.969
15959,Kamrup Express,NAM,NAMRUP,54.0,6.9,71.65,21.46,0.0,Slight Delay (15-60 min),47.012
15959,Kamrup Express,NHK,NAHARKATIYA,56.0,6.51,70.5,22.99,0.0,Slight Delay (15-60 min),46.358000000000004
15959,Kamrup Express,DJG,DULIAJAN,56.0,7.28,68.97,23.75,0.0,Slight Delay (15-60 min),46.515
15959,Kamrup Express,NTSK,NEW TINSUKIA JN,53.0,13.79,65.52,20.69,0.0,Slight Delay (15-60 min),50.688
15959,Kamrup Express,DBRG,DIBRUGARH,17.0,71.26,16.09,12.64,0.01,Slight Delay (15-60 min),81.836
15960,Kamrup Express,NTSK,NEW TINSUKIA JN,15.0,65.77,30.38,3.85,0.0,On Time (0-15 min),81.72999999999999
15960,Kamrup Express,DJG,DULIAJAN,18.0,57.31,37.69,5.0,0.0,Slight Delay (15-60 min),77.155
15960,Kamrup Express,NHK,NAHARKATIYA,23.0,44.62,48.85,6.54,0.0,Slight Delay (15-60 min),70.348
15960,Kamrup Express,NAM,NAMRUP,20.0,50.0,43.08,6.92,0.0,Slight Delay (15-60 min),72.924
15960,Kamrup Express,BOJ,BHOJO,29.0,41.15,49.23,9.62,0.0,Slight Delay (15-60 min),67.689
15960,Kamrup Express,SLGR,SIMALUGURI JN,44.0,19.23,51.92,28.85,0.0,Slight Delay (15-60 min),50.96
15960,Kamrup Express,AGI,AMGURI,50.0,10.38,53.08,36.54,0.0,Slight Delay (15-60 min),44.228
15960,Kamrup Express,MXN,MARIANI JN,34.0,16.15,77.69,6.15,0.01,Slight Delay (15-60 min),56.227999999999994
15960,Kamrup Express,FKG,FURKATING JN,8.0,91.15,6.54,2.31,0.0,On Time (0-15 min),94.882
15960,Kamrup Express,BXP,BARPATHAR,11.0,85.0,11.92,3.08,0.0,On Time (0-15 min),91.576
15960,Kamrup Express,SZR,SARUPATHAR,13.0,80.38,16.15,3.46,0.01,On Time (0-15 min),89.15
15960,Kamrup Express,DMV,DIMAPUR,20.0,50.0,45.77,4.23,0.0,Slight Delay (15-60 min),73.731
15960,Kamrup Express,LMG,LUMDING JN,23.0,50.0,44.62,5.38,0.0,Slight Delay (15-60 min),73.386
15960,Kamrup Express,LKA,LANKA,19.0,56.92,37.31,5.77,0.0,Slight Delay (15-60 min),76.729
15960,Kamrup Express,HJI,HOJAI,21.0,53.85,40.0,6.15,0.0,Slight Delay (15-60 min),75.08
15960,Kamrup Express,CPK,CHAPARMUKH JN,25.0,45.77,46.54,7.69,0.0,Slight Delay (15-60 min),70.578
15960,Kamrup Express,KYQ,KAMAKHYA,35.0,33.46,51.92,14.62,0.0,Slight Delay (15-60 min),62.343999999999994
15960,Kamrup Express,NLV,NALBARI,23.0,58.08,33.08,7.69,1.15,Slight Delay (15-60 min),76.503
15960,Kamrup Express,TIHU,TIHU,26.0,48.08,40.77,10.0,1.15,Slight Delay (15-60 min),70.81
15960,Kamrup Express,PBL,PATHSALA,30.0,36.54,50.38,11.92,1.16,Slight Delay (15-60 min),64.462
15960,Kamrup Express,BPRD,BARPETA ROAD,31.0,36.92,49.62,12.31,1.15,Slight Delay (15-60 min),64.53699999999999
15960,Kamrup Express,SBE,SORBHOG JN,35.0,27.69,56.92,14.23,1.16,Slight Delay (15-60 min),59.344
15960,Kamrup Express,BNGN,BONGAIGAON,41.0,17.69,63.08,18.08,1.15,Slight Delay (15-60 min),53.191
15960,Kamrup Express,NBQ,NEW BONGAIGAON,28.0,59.62,25.38,15.0,0.0,Slight Delay (15-60 min),75.31
15960,Kamrup Express,KOJ,KOKRAJHAR,32.0,53.08,30.0,16.92,0.0,Slight Delay (15-60 min),71.464
15960,Kamrup Express,FKM,FAKIRAGRAM JN,35.0,49.23,33.08,17.69,0.0,Slight Delay (15-60 min),69.30799999999999
15960,Kamrup Express,GOGH,GOSSAIGAON HAT,11.0,1.15,0.38,0.0,98.47,On Time (0-15 min),30.881
15960,Kamrup Express,KAMG,KAMAKHYAGURI,39.0,40.0,40.77,18.85,0.38,Slight Delay (15-60 min),64.269
15960,Kamrup Express,NOQ,NEW ALIPURDAUR,37.0,44.62,36.15,18.46,0.77,Slight Delay (15-60 min),66.618
15960,Kamrup Express,NCB,NEW COOCH BEHAR,43.0,36.15,42.69,21.15,0.01,Slight Delay (15-60 min),61.727999999999994
15960,Kamrup Express,DQG,DHUPGURI,46.0,28.46,49.23,21.92,0.39,Slight Delay (15-60 min),57.57599999999999
15960,Kamrup Express,NMX,NEW MAYNAGURI,46.0,27.69,48.08,23.85,0.38,Slight Delay (15-60 min),56.614000000000004
15960,Kamrup Express,JPE,JALPAIGURI ROAD,48.0,24.23,51.54,24.23,0.0,Slight Delay (15-60 min),54.846
15960,Kamrup Express,NJP,NEW JALPAIGURI,28.0,66.54,18.46,15.0,0.0,Slight Delay (15-60 min),78.77000000000001
15960,Kamrup Express,AUB,ALUABARI ROAD,36.0,55.0,26.54,18.46,0.0,Slight Delay (15-60 min),71.96199999999999
15960,Kamrup Express,KNE,KISHANGANJ,37.0,54.62,26.54,18.85,0.0,Slight Delay (15-60 min),71.655
15960,Kamrup Express,BOE,BARSOI JN,15.0,1.15,0.77,0.0,98.08,On Time (0-15 min),30.959
15960,Kamrup Express,SM,SAMSI,49.0,28.08,48.46,23.46,0.0,Slight Delay (15-60 min),57.001999999999995
15960,Kamrup Express,MLDT,MALDA TOWN,36.0,66.92,8.85,24.23,0.0,Slight Delay (15-60 min),76.191
15960,Kamrup Express,NFK,NEW FARAKKA JN,37.0,64.62,10.77,24.62,0.0,Slight Delay (15-60 min),74.924
15960,Kamrup Express,DGLE,DHULIAN GANGA,37.0,64.23,11.15,24.62,0.0,Slight Delay (15-60 min),74.729
15960,Kamrup Express,NILE,NIMTITA,40.0,61.15,13.85,25.0,0.0,Slight Delay (15-60 min),73.075
15960,Kamrup Express,JRLE,JANGIPUR ROAD,41.0,58.85,16.54,24.62,0.0,Slight Delay (15-60 min),72.039
15960,Kamrup Express,AZ,AZIMGANJ JN,33.0,68.46,8.46,23.08,0.0,Slight Delay (15-60 min),77.306
15960,Kamrup Express,KGLE,KHAGRAGHAT ROAD,38.0,66.15,8.85,25.0,0.0,Slight Delay (15-60 min),75.575
15960,Kamrup Express,SALE,SALAR,45.0,50.0,23.85,26.15,0.0,Slight Delay (15-60 min),67.155
15960,Kamrup Express,NDAE,NABADWIP DHAM,36.0,65.38,12.69,21.92,0.01,Slight Delay (15-60 min),76.112
15960,Kamrup Express,ABKA,AMBIKA KALNA,38.0,63.85,13.08,23.08,0.0,Slight Delay (15-60 min),75.001
15960,Kamrup Express,BDC,BANDEL JN,38.0,49.62,32.31,18.08,0.0,Slight Delay (15-60 min),69.386
15960,Kamrup Express,HWH,HOWRAH JN,5.0,79.62,8.46,11.92,0.0,On Time (0-15 min),86.23400000000001
12201,Garib Rath,LTT,LOKMANYATILAK T,4.0,87.5,12.5,0.0,0.0,On Time (0-15 min),93.75
12201,Garib Rath,TNA,THANE,11.0,87.5,12.5,0.0,0.0,On Time (0-15 min),93.75
12201,Garib Rath,PNVL,PANVEL,13.0,62.5,37.5,0.0,0.0,On Time (0-15 min),81.25
12201,Garib Rath,RN,RATNAGIRI,58.0,12.5,37.5,50.0,0.0,Slight Delay (15-60 min),41.25
12201,Garib Rath,MAO,MADGAON,41.0,37.5,37.5,25.0,0.0,Slight Delay (15-60 min),61.25
12201,Garib Rath,KAWR,KARWAR,51.0,37.5,25.0,37.5,0.0,Slight Delay (15-60 min),57.5
12201,Garib Rath,ANKL,ANKOLA,53.0,37.5,25.0,37.5,0.0,Slight Delay (15-60 min),57.5
12201,Garib Rath,BYNR,MOOKAMBIKA ROAD,20.0,50.0,37.5,12.5,0.0,Slight Delay (15-60 min),71.25
12201,Garib Rath,UD,UDUPI,24.0,50.0,37.5,12.5,0.0,Slight Delay (15-60 min),71.25
12201,Garib Rath,KGQ,KASARAGOD,23.0,75.0,12.5,12.5,0.0,Slight Delay (15-60 min),83.75
12201,Garib Rath,CAN,KANNUR,26.0,50.0,37.5,12.5,0.0,Slight Delay (15-60 min),71.25
12201,Garib Rath,CLT,KOZHIKODE,18.0,75.0,12.5,12.5,0.0,Slight Delay (15-60 min),83.75
12201,Garib Rath,TIR,TIRUR,23.0,50.0,37.5,12.5,0.0,Slight Delay (15-60 min),71.25
12201,Garib Rath,SRR,SHORANUR JN,21.0,75.0,12.5,12.5,0.0,Slight Delay (15-60 min),83.75
12201,Garib Rath,TCR,THRISUR,21.0,75.0,12.5,12.5,0.0,Slight Delay (15-60 min),83.75
12201,Garib Rath,KTYM,KOTTAYAM,20.0,75.0,12.5,12.5,0.0,Slight Delay (15-60 min),83.75
12201,Garib Rath,CGY,CHANGANASERI,20.0,75.0,12.5,12.5,0.0,Slight Delay (15-60 min),83.75
12201,Garib Rath,KYJ,KAYANKULAM JN,22.0,75.0,12.5,12.5,0.0,Slight Delay (15-60 min),83.75
12202,Garib Rath,TVCN,TRIVANDRUM NORTH,1.0,100.0,0.0,0.0,0.0,On Time (0-15 min),100.0
12202,Garib Rath,QLN,KOLLAM JN,8.0,88.89,11.11,0.0,0.0,On Time (0-15 min),94.445
12202,Garib Rath,KYJ,KAYANKULAM JN,12.0,77.78,22.22,0.0,0.0,On Time (0-15 min),88.89
12202,Garib Rath,CNGR,CHENGANNUR,14.0,66.67,33.33,0.0,0.0,On Time (0-15 min),83.33500000000001
12202,Garib Rath,TRVL,TIRUVALLA,14.0,55.56,44.44,0.0,0.0,On Time (0-15 min),77.78
12202,Garib Rath,CGY,CHANGANASERI,15.0,55.56,44.44,0.0,0.0,On Time (0-15 min),77.78
12202,Garib Rath,KTYM,KOTTAYAM,18.0,33.33,66.67,0.0,0.0,Slight Delay (15-60 min),66.66499999999999
12202,Garib Rath,ERN,ERNAKULAM TOWN,11.0,66.67,33.33,0.0,0.0,On Time (0-15 min),83.33500000000001
12202,Garib Rath,TCR,THRISUR,20.0,44.44,55.56,0.0,0.0,Slight Delay (15-60 min),72.22
12202,Garib Rath,SRR,SHORANUR JN,13.0,55.56,44.44,0.0,0.0,On Time (0-15 min),77.78
12202,Garib Rath,TIR,TIRUR,22.0,22.22,77.78,0.0,0.0,Slight Delay (15-60 min),61.11
12202,Garib Rath,CLT,KOZHIKODE,25.0,11.11,88.89,0.0,0.0,Slight Delay (15-60 min),55.555
12202,Garib Rath,CAN,KANNUR,50.0,0.0,88.89,11.11,0.0,Slight Delay (15-60 min),46.667
12202,Garib Rath,KGQ,KASARAGOD,55.0,0.0,77.78,22.22,0.0,Slight Delay (15-60 min),43.334
12202,Garib Rath,MAJN,MANGALORE JN,34.0,0.0,88.89,11.11,0.0,Slight Delay (15-60 min),46.667
12202,Garib Rath,UD,UDUPI,44.0,0.0,88.89,11.11,0.0,Slight Delay (15-60 min),46.667
12202,Garib Rath,ANKL,ANKOLA,45.0,0.0,66.67,33.33,0.0,Slight Delay (15-60 min),40.001000000000005
12202,Garib Rath,KAWR,KARWAR,48.0,0.0,77.78,22.22,0.0,Slight Delay (15-60 min),43.334
12202,Garib Rath,MAO,MADGAON,35.0,11.11,77.78,11.11,0.0,Slight Delay (15-60 min),52.221999999999994
12202,Garib Rath,RN,RATNAGIRI,66.0,11.11,22.22,66.67,0.0,Significant Delay (60-200 min),35.554
12202,Garib Rath,PNVL,PANVEL,41.0,11.11,77.78,11.11,0.0,Slight Delay (15-60 min),52.221999999999994
12202,Garib Rath,TNA,THANE,45.0,11.11,66.67,22.22,0.0,Slight Delay (15-60 min),48.888999999999996
12202,Garib Rath,LTT,LOKMANYATILAK T,17.0,55.56,33.33,11.11,0.0,Slight Delay (15-60 min),74.447
